Workbook

Sheet BoardingByRoute_All
D1: BOARDINGS BY SUB-MODE
E2: OBS | G2: ABM | I2: DIFF | K2: Sub-mode Constant (DaySim) | N2: NOTE:
C3: Mode | D3: Transit sub-mode | E3: Count | F3: Percentage | G3: Count | H3: Percentage | I3: Count | J3: Percentage | K3: Utils | L3: Mins | N3: diff in by sub-mode in TrnStat.asc and this table is because of Rte 18 Airport Exp. There are two servies, one is Exp and one local. TrnStat.asc considers both as local. | AX3: Path Impedance
C4: 1 | D4: Local Bus | E4: =SUMIF($A$15:$A$48,1,E$15:E$49)+SUMIF($A$15:$A$48,2,E$15:E$49) -> 28406.591 | F4: =E4/E$8 -> 0.82549048 | G4: =SUMIF($A$15:$A$48,1,G$15:G$48)+SUMIF($A$15:$A$48,2,G$15:G$48) -> 30879 | H4: =PrilimTable!F57 -> 0.95765807 | I4: =G4-E4 -> 2472.4091 | J4: =IFERROR(I4/E4,0) -> 0.087036459 | K4: =PrilimTable!G57 -> -0.1 | L4: =PrilimTable!H57 -> -3.3333333 | AX4: PathImpedance_TransitLocalBusPathConstant = 0.05
C5: 6,7 | D5: Express Bus | E5: =SUMIF($A$15:$A$48,6,E$15:E$49)+SUMIF($A$15:$A$48,7,E$15:E$49) -> 1004.4545 | F5: =E5/E$8 -> 0.029189271 | G5: =SUMIF($A$15:$A$48,6,G$15:G$48)+SUMIF($A$15:$A$48,7,G$15:G$48) -> 538 | H5: =PrilimTable!F58 -> 0.0050593869 | I5: =G5-E5 -> -466.45455 | J5: =IFERROR(I5/E5,0) -> -0.46438592 | K5: =PrilimTable!G58 -> 0.45 | L5: =PrilimTable!H58 -> 15 | AX5: PathImpedance_TransitPremiumBusPathConstant = 0.12
C6: 8 | D6: BRT | E6: =SUMIF($A$15:$A$48,8,E$15:E$49) -> 4470.8636 | F6: =E6/E$8 -> 0.1299225 | G6: =SUMIF($A$15:$A$48,8,G$15:G$48) -> 4313 | H6: =PrilimTable!F59 -> 0.0039771651 | I6: =G6-E6 -> -157.86364 | J6: =IFERROR(I6/E6,0) -> -0.035309428 | K6: =PrilimTable!G59 -> -0.1 | L6: =PrilimTable!H59 -> -3.3333333 | AX6: PathImpedance_TransitLightRailPathConstant = 0.0
C7: 11,12 | D7: Commuter Rail | E7: =SUMIF($A$15:$A$48,11,E$15:E$49)+SUMIF($A$15:$A$48,12,E$15:E$49) -> 529.86364 | F7: =E7/E$8 -> 0.015397743 | G7: =SUMIF($A$15:$A$48,11,G$15:G$48)+SUMIF($A$15:$A$48,12,G$15:G$48) -> 1231 | H7: =PrilimTable!F60 -> 0.033305376 | I7: =G7-E7 -> 701.13636 | J7: =IFERROR(I7/E7,0) -> 1.3232393 | K7: =PrilimTable!G60 -> 1.3 | L7: =PrilimTable!H60 -> 43.333333 | AX7: PathImpedance_TransitCommuterRailPathConstant = 1.15
D8: Total | E8: =SUM(E4:E7) -> 34411.773 | F8: =E8/E$8 -> 1 | G8: =SUM(G4:G7) -> 36961 | H8: 1 | I8: =G8-E8 -> 2549.2273 | J8: =I8/E8 -> 0.074080092 | AX8: PathImpedance_TransitFerryPathConstant = 0.07
D9: Transit trips | E9: 25693 | G9: =TrnStat.asc!E18 -> 22717 | AX9: PathImpedance_TransitUsePathTypeSpecificTime = true
D10: Boarding rate | E10: =E8/E9 -> 1.3393443 | G10: =G8/G9 -> 1.6270194 | K10: Transfer Rate | L10: =PrilimTable!E63 -> 0.3437
D11: R-Squared | E11: =RSQ(G15:G48,E15:E48) -> 0.61396787 | AX11: PathImpedance_TransitPremiumBusTimeAdditiveWeight = -0.204
B12: BOARDINGS BY ROUTE | X12: BOARDINGS BY ROUTE (SORTED BY OBS BOARDINGS) | AX12: PathImpedance_TransitLightRailTimeAdditiveWeight = 0.0
E13: OBS | G13: ABM | I13: DIFF | AA13: OBS | AC13: =G13 -> ABM | AE13: DIFF | AX13: PathImpedance_TransitCommuterRailTimeAdditiveWeight = -0.273
A14: Mode | B14: Rte Id (OBS) | C14: Rte Id (ABM) | D14: Rte Name | E14: Boardings | F14: Percentage | G14: Boardings | H14: Percentage | I14: Diff | J14: % Diff | X14: Rte Id (OBS) | Y14: Rte Id (ABM) | Z14: Rte Name | AA14: Boardings | AB14: Percentage | AC14: Boardings | AD14: Percentage | AE14: Diff | AF14: % Diff | AG14: Reference | AX14: PathImpedance_TransitFerryTimeAdditiveWeight = -0.318
A15: =VLOOKUP($C15,PrilimTable!$N:$T,7,FALSE) -> 1 | B15: 3 | C15: =B15 -> 3 | D15: =VLOOKUP($C15,PrilimTable!$N:$S,2,FALSE) -> Rte 3 West End (White Bridge) IB | E15: =SUMIF(PrilimTable!$M$4:$M$82,B15,PrilimTable!$P$4:$P$82) -> 2516.9091 | F15: =E15/$E$49 -> 0.073140931 | G15: =SUMIF(PrilimTable!$N$4:$N$82,C15,PrilimTable!$R$4:$R$82) -> 8057 | H15: =G15/$G$49 -> 0.21798653 | I15: =G15-E15 -> 5540.0909 | J15: =I15/E15 -> 2.2011486 | X15: 55 | Y15: 55 | Z15: =VLOOKUP(Y15,$C$14:$D$49,2,FALSE) -> Rte 55 MURFREESBORO PIKE oB | AA15: =SUMIF(PrilimTable!$M$4:$M$82,X15,PrilimTable!$P$4:$P$82) -> 5829.3636 | AB15: =AA15/$E$49 -> 0.16940027 | AC15: =SUMIF(PrilimTable!$N$4:$N$82,Y15,PrilimTable!$R$4:$R$82) -> 4122 | AD15: =AC15/$G$49 -> 0.11152296 | AE15: =AC15-AA15 -> -1707.3636 | AF15: =AE15/AA15 -> -0.29289023 | AG15: 100
A16: =VLOOKUP($C16,PrilimTable!$N:$T,7,FALSE) -> 1 | B16: 4 | C16: =B16 -> 4 | D16: =VLOOKUP($C16,PrilimTable!$N:$S,2,FALSE) -> Rte 4 Shelby IB | E16: =SUMIF(PrilimTable!$M$4:$M$82,B16,PrilimTable!$P$4:$P$82) -> 941.04545 | F16: =E16/$E$49 -> 0.027346614 | G16: =SUMIF(PrilimTable!$N$4:$N$82,C16,PrilimTable!$R$4:$R$82) -> 299 | H16: =G16/$G$49 -> 0.008089608 | I16: =G16-E16 -> -642.04545 | J16: =I16/E16 -> -0.68226827 | X16: 56 | Y16: 56 | Z16: =VLOOKUP(Y16,$C$14:$D$49,2,FALSE) -> Rte 56 Gallatin Rd IB | AA16: =SUMIF(PrilimTable!$M$4:$M$82,X16,PrilimTable!$P$4:$P$82) -> 4470.8636 | AB16: =AA16/$E$49 -> 0.1299225 | AC16: =SUMIF(PrilimTable!$N$4:$N$82,Y16,PrilimTable!$R$4:$R$82) -> 4313 | AD16: =AC16/$G$49 -> 0.11669057 | AE16: =AC16-AA16 -> -157.86364 | AF16: =AE16/AA16 -> -0.035309428 | AG16: 200 | AX16: PathImpedance_TransitPremiumBusInVehicleTimeWeight = 0.95
A17: =VLOOKUP($C17,PrilimTable!$N:$T,7,FALSE) -> 1 | B17: 6 | C17: =B17 -> 6 | D17: =VLOOKUP($C17,PrilimTable!$N:$S,2,FALSE) -> Rte 6 Lebanon Rd OB | E17: =SUMIF(PrilimTable!$M$4:$M$82,B17,PrilimTable!$P$4:$P$82) -> 818.18182 | F17: =E17/$E$49 -> 0.023776218 | G17: =SUMIF(PrilimTable!$N$4:$N$82,C17,PrilimTable!$R$4:$R$82) -> 622 | H17: =G17/$G$49 -> 0.016828549 | I17: =G17-E17 -> -196.18182 | J17: =I17/E17 -> -0.23977778 | X17: 52 | Y17: 52 | Z17: =VLOOKUP(Y17,$C$14:$D$49,2,FALSE) -> Rte 52 NOLENSVILLE PIKE (Hick) oB | AA17: =SUMIF(PrilimTable!$M$4:$M$82,X17,PrilimTable!$P$4:$P$82) -> 3623.8636 | AB17: =AA17/$E$49 -> 0.10530883 | AC17: =SUMIF(PrilimTable!$N$4:$N$82,Y17,PrilimTable!$R$4:$R$82) -> 3228 | AD17: =AC17/$G$49 -> 0.087335299 | AE17: =AC17-AA17 -> -395.86364 | AF17: =AE17/AA17 -> -0.10923801 | AG17: 300 | AX17: PathImpedance_TransitLightRailInVehicleTimeWeight = 1.0
A18: =VLOOKUP($C18,PrilimTable!$N:$T,7,FALSE) -> 1 | B18: 7 | C18: =B18 -> 7 | D18: =VLOOKUP($C18,PrilimTable!$N:$S,2,FALSE) -> Rte 7 Hillsboro IB | E18: =SUMIF(PrilimTable!$M$4:$M$82,B18,PrilimTable!$P$4:$P$82) -> 1841.5909 | F18: =E18/$E$49 -> 0.053516305 | G18: =SUMIF(PrilimTable!$N$4:$N$82,C18,PrilimTable!$R$4:$R$82) -> 2656 | H18: =G18/$G$49 -> 0.071859528 | I18: =G18-E18 -> 814.40909 | J18: =I18/E18 -> 0.44223127 | X18: 23 | Y18: 23 | Z18: =VLOOKUP(Y18,$C$14:$D$49,2,FALSE) -> Rte 23 Dickerson Pike OB | AA18: =SUMIF(PrilimTable!$M$4:$M$82,X18,PrilimTable!$P$4:$P$82) -> 2690.5 | AB18: =AA18/$E$49 -> 0.078185452 | AC18: =SUMIF(PrilimTable!$N$4:$N$82,Y18,PrilimTable!$R$4:$R$82) -> 1650 | AD18: =AC18/$G$49 -> 0.044641649 | AE18: =AC18-AA18 -> -1040.5 | AF18: =AE18/AA18 -> -0.38673109 | AG18: 400 | AX18: PathImpedance_TransitCommuterRailInVehicleTimeWeight = 0.65
A19: =VLOOKUP($C19,PrilimTable!$N:$T,7,FALSE) -> 1 | B19: 8 | C19: =B19 -> 8 | D19: =VLOOKUP($C19,PrilimTable!$N:$S,2,FALSE) -> Rte 8 8TH AVENUE SOUTH iB | E19: =SUMIF(PrilimTable!$M$4:$M$82,B19,PrilimTable!$P$4:$P$82) -> 944.40909 | F19: =E19/$E$49 -> 0.02744436 | G19: =SUMIF(PrilimTable!$N$4:$N$82,C19,PrilimTable!$R$4:$R$82) -> 839 | H19: =G19/$G$49 -> 0.022699602 | I19: =G19-E19 -> -105.40909 | J19: =I19/E19 -> -0.1116138 | X19: 50 | Y19: 50 | Z19: =VLOOKUP(Y19,$C$14:$D$49,2,FALSE) -> Rte 50 CHARLOTTE PIKE oB | AA19: =SUMIF(PrilimTable!$M$4:$M$82,X19,PrilimTable!$P$4:$P$82) -> 2542.8636 | AB19: =AA19/$E$49 -> 0.073895165 | AC19: =SUMIF(PrilimTable!$N$4:$N$82,Y19,PrilimTable!$R$4:$R$82) -> 2777 | AD19: =AC19/$G$49 -> 0.075133249 | AE19: =AC19-AA19 -> 234.13636 | AF19: =AE19/AA19 -> 0.092075863 | AG19: 500 | AX19: PathImpedance_TransitFerryInVehicleTimeWeight = 0.80
A20: =VLOOKUP($C20,PrilimTable!$N:$T,7,FALSE) -> 1 | B20: 9 | C20: =B20 -> 9 | D20: =VLOOKUP($C20,PrilimTable!$N:$S,2,FALSE) -> Rte 9 MetroCenter OB | E20: =SUMIF(PrilimTable!$M$4:$M$82,B20,PrilimTable!$P$4:$P$82) -> 350.59091 | F20: =E20/$E$49 -> 0.01018811 | G20: =SUMIF(PrilimTable!$N$4:$N$82,C20,PrilimTable!$R$4:$R$82) -> 834 | H20: =G20/$G$49 -> 0.022564325 | I20: =G20-E20 -> 483.40909 | J20: =I20/E20 -> 1.3788409 | X20: 3 | Y20: 3 | Z20: =VLOOKUP(Y20,$C$14:$D$49,2,FALSE) -> Rte 3 West End (White Bridge) IB | AA20: =SUMIF(PrilimTable!$M$4:$M$82,X20,PrilimTable!$P$4:$P$82) -> 2516.9091 | AB20: =AA20/$E$49 -> 0.073140931 | AC20: =SUMIF(PrilimTable!$N$4:$N$82,Y20,PrilimTable!$R$4:$R$82) -> 8057 | AD20: =AC20/$G$49 -> 0.21798653 | AE20: =AC20-AA20 -> 5540.0909 | AF20: =AE20/AA20 -> 2.2011486 | AG20: 600
A21: =VLOOKUP($C21,PrilimTable!$N:$T,7,FALSE) -> 1 | B21: 14 | C21: =B21 -> 14 | D21: =VLOOKUP($C21,PrilimTable!$N:$S,2,FALSE) -> Rte 14 WHITES CREEK oB | E21: =SUMIF(PrilimTable!$M$4:$M$82,B21,PrilimTable!$P$4:$P$82) -> 334.18182 | F21: =E21/$E$49 -> 0.0097112642 | G21: =SUMIF(PrilimTable!$N$4:$N$82,C21,PrilimTable!$R$4:$R$82) -> 328 | H21: =G21/$G$49 -> 0.0088742188 | I21: =G21-E21 -> -6.1818182 | J21: =I21/E21 -> -0.018498368 | X21: 7 | Y21: 7 | Z21: =VLOOKUP(Y21,$C$14:$D$49,2,FALSE) -> Rte 7 Hillsboro IB | AA21: =SUMIF(PrilimTable!$M$4:$M$82,X21,PrilimTable!$P$4:$P$82) -> 1841.5909 | AB21: =AA21/$E$49 -> 0.053516305 | AC21: =SUMIF(PrilimTable!$N$4:$N$82,Y21,PrilimTable!$R$4:$R$82) -> 2656 | AD21: =AC21/$G$49 -> 0.071859528 | AE21: =AC21-AA21 -> 814.40909 | AF21: =AE21/AA21 -> 0.44223127 | AG21: 700
A22: =VLOOKUP($C22,PrilimTable!$N:$T,7,FALSE) -> 1 | B22: 17 | C22: =B22 -> 17 | D22: =VLOOKUP($C22,PrilimTable!$N:$S,2,FALSE) -> Rte 17 12TH AVENUE SOUTH iB | E22: =SUMIF(PrilimTable!$M$4:$M$82,B22,PrilimTable!$P$4:$P$82) -> 637.95455 | F22: =E22/$E$49 -> 0.018538846 | G22: =SUMIF(PrilimTable!$N$4:$N$82,C22,PrilimTable!$R$4:$R$82) -> 886 | H22: =G22/$G$49 -> 0.023971213 | I22: =G22-E22 -> 248.04545 | J22: =I22/E22 -> 0.38881368 | X22: 22 | Y22: 22 | Z22: =VLOOKUP(Y22,$C$14:$D$49,2,FALSE) -> Rte 22 Bordeaux (Panaroma) IB | AA22: =SUMIF(PrilimTable!$M$4:$M$82,X22,PrilimTable!$P$4:$P$82) -> 1505.4091 | AB22: =AA22/$E$49 -> 0.043746921 | AC22: =SUMIF(PrilimTable!$N$4:$N$82,Y22,PrilimTable!$R$4:$R$82) -> 1697 | AD22: =AC22/$G$49 -> 0.04591326 | AE22: =AC22-AA22 -> 191.59091 | AF22: =AE22/AA22 -> 0.12726834 | AG22: 800
A23: =VLOOKUP($C23,PrilimTable!$N:$T,7,FALSE) -> 6 | B23: 18 | C23: =B23 -> 18 | D23: =VLOOKUP($C23,PrilimTable!$N:$S,2,FALSE) -> Rte 18 Airport Exp OB | E23: =SUMIF(PrilimTable!$M$4:$M$82,B23,PrilimTable!$P$4:$P$82) -> 677.90909 | F23: =E23/$E$49 -> 0.019699918 | G23: =SUMIF(PrilimTable!$N$4:$N$82,C23,PrilimTable!$R$4:$R$82) -> 358 | H23: =G23/$G$49 -> 0.0096858851 | I23: =G23-E23 -> -319.90909 | J23: =I23/E23 -> -0.47190559 | X23: 19 | Y23: 19 | Z23: =VLOOKUP(Y23,$C$14:$D$49,2,FALSE) -> Rte 19 Herman IB | AA23: =SUMIF(PrilimTable!$M$4:$M$82,X23,PrilimTable!$P$4:$P$82) -> 955.72727 | AB23: =AA23/$E$49 -> 0.027773265 | AC23: =SUMIF(PrilimTable!$N$4:$N$82,Y23,PrilimTable!$R$4:$R$82) -> 1053 | AD23: =AC23/$G$49 -> 0.028489489 | AE23: =AC23-AA23 -> 97.272727 | AF23: =AE23/AA23 -> 0.10177875 | AG23: 900
A24: =VLOOKUP($C24,PrilimTable!$N:$T,7,FALSE) -> 1 | B24: 19 | C24: =B24 -> 19 | D24: =VLOOKUP($C24,PrilimTable!$N:$S,2,FALSE) -> Rte 19 Herman IB | E24: =SUMIF(PrilimTable!$M$4:$M$82,B24,PrilimTable!$P$4:$P$82) -> 955.72727 | F24: =E24/$E$49 -> 0.027773265 | G24: =SUMIF(PrilimTable!$N$4:$N$82,C24,PrilimTable!$R$4:$R$82) -> 1053 | H24: =G24/$G$49 -> 0.028489489 | I24: =G24-E24 -> 97.272727 | J24: =I24/E24 -> 0.10177875 | X24: 8 | Y24: 8 | Z24: =VLOOKUP(Y24,$C$14:$D$49,2,FALSE) -> Rte 8 8TH AVENUE SOUTH iB | AA24: =SUMIF(PrilimTable!$M$4:$M$82,X24,PrilimTable!$P$4:$P$82) -> 944.40909 | AB24: =AA24/$E$49 -> 0.02744436 | AC24: =SUMIF(PrilimTable!$N$4:$N$82,Y24,PrilimTable!$R$4:$R$82) -> 839 | AD24: =AC24/$G$49 -> 0.022699602 | AE24: =AC24-AA24 -> -105.40909 | AF24: =AE24/AA24 -> -0.1116138 | AG24: 1000
A25: =VLOOKUP($C25,PrilimTable!$N:$T,7,FALSE) -> 1 | B25: 22 | C25: =B25 -> 22 | D25: =VLOOKUP($C25,PrilimTable!$N:$S,2,FALSE) -> Rte 22 Bordeaux (Panaroma) IB | E25: =SUMIF(PrilimTable!$M$4:$M$82,B25,PrilimTable!$P$4:$P$82) -> 1505.4091 | F25: =E25/$E$49 -> 0.043746921 | G25: =SUMIF(PrilimTable!$N$4:$N$82,C25,PrilimTable!$R$4:$R$82) -> 1697 | H25: =G25/$G$49 -> 0.04591326 | I25: =G25-E25 -> 191.59091 | J25: =I25/E25 -> 0.12726834 | X25: 4 | Y25: 4 | Z25: =VLOOKUP(Y25,$C$14:$D$49,2,FALSE) -> Rte 4 Shelby IB | AA25: =SUMIF(PrilimTable!$M$4:$M$82,X25,PrilimTable!$P$4:$P$82) -> 941.04545 | AB25: =AA25/$E$49 -> 0.027346614 | AC25: =SUMIF(PrilimTable!$N$4:$N$82,Y25,PrilimTable!$R$4:$R$82) -> 299 | AD25: =AC25/$G$49 -> 0.008089608 | AE25: =AC25-AA25 -> -642.04545 | AF25: =AE25/AA25 -> -0.68226827 | AG25: 1100
A26: =VLOOKUP($C26,PrilimTable!$N:$T,7,FALSE) -> 1 | B26: 23 | C26: =B26 -> 23 | D26: =VLOOKUP($C26,PrilimTable!$N:$S,2,FALSE) -> Rte 23 Dickerson Pike OB | E26: =SUMIF(PrilimTable!$M$4:$M$82,B26,PrilimTable!$P$4:$P$82) -> 2690.5 | F26: =E26/$E$49 -> 0.078185452 | G26: =SUMIF(PrilimTable!$N$4:$N$82,C26,PrilimTable!$R$4:$R$82) -> 1650 | H26: =G26/$G$49 -> 0.044641649 | I26: =G26-E26 -> -1040.5 | J26: =I26/E26 -> -0.38673109 | X26: 6 | Y26: 6 | Z26: =VLOOKUP(Y26,$C$14:$D$49,2,FALSE) -> Rte 6 Lebanon Rd OB | AA26: =SUMIF(PrilimTable!$M$4:$M$82,X26,PrilimTable!$P$4:$P$82) -> 818.18182 | AB26: =AA26/$E$49 -> 0.023776218 | AC26: =SUMIF(PrilimTable!$N$4:$N$82,Y26,PrilimTable!$R$4:$R$82) -> 622 | AD26: =AC26/$G$49 -> 0.016828549 | AE26: =AC26-AA26 -> -196.18182 | AF26: =AE26/AA26 -> -0.23977778 | AG26: 1200
A27: =VLOOKUP($C27,PrilimTable!$N:$T,7,FALSE) -> 1 | B27: 28 | C27: =B27 -> 28 | D27: =VLOOKUP($C27,PrilimTable!$N:$S,2,FALSE) -> Rte 28 Meridian IB | E27: =SUMIF(PrilimTable!$M$4:$M$82,B27,PrilimTable!$P$4:$P$82) -> 275.40909 | F27: =E27/$E$49 -> 0.0080033392 | G27: =SUMIF(PrilimTable!$N$4:$N$82,C27,PrilimTable!$R$4:$R$82) -> 45 | H27: =G27/$G$49 -> 0.0012174995 | I27: =G27-E27 -> -230.40909 | J27: =I27/E27 -> -0.8366067 | X27: 29 | Y27: 29 | Z27: =VLOOKUP(Y27,$C$14:$D$49,2,FALSE) -> Rte 29 Jefferson IB | AA27: =SUMIF(PrilimTable!$M$4:$M$82,X27,PrilimTable!$P$4:$P$82) -> 691.09091 | AB27: =AA27/$E$49 -> 0.020082979 | AC27: =SUMIF(PrilimTable!$N$4:$N$82,Y27,PrilimTable!$R$4:$R$82) -> 582 | AD27: =AC27/$G$49 -> 0.015746327 | AE27: =AC27-AA27 -> -109.09091 | AF27: =AE27/AA27 -> -0.1578532 | AG27: 1300
A28: =VLOOKUP($C28,PrilimTable!$N:$T,7,FALSE) -> 1 | B28: 29 | C28: =B28 -> 29 | D28: =VLOOKUP($C28,PrilimTable!$N:$S,2,FALSE) -> Rte 29 Jefferson IB | E28: =SUMIF(PrilimTable!$M$4:$M$82,B28,PrilimTable!$P$4:$P$82) -> 691.09091 | F28: =E28/$E$49 -> 0.020082979 | G28: =SUMIF(PrilimTable!$N$4:$N$82,C28,PrilimTable!$R$4:$R$82) -> 582 | H28: =G28/$G$49 -> 0.015746327 | I28: =G28-E28 -> -109.09091 | J28: =I28/E28 -> -0.1578532 | X28: 18 | Y28: 18 | Z28: =VLOOKUP(Y28,$C$14:$D$49,2,FALSE) -> Rte 18 Airport Exp OB | AA28: =SUMIF(PrilimTable!$M$4:$M$82,X28,PrilimTable!$P$4:$P$82) -> 677.90909 | AB28: =AA28/$E$49 -> 0.019699918 | AC28: =SUMIF(PrilimTable!$N$4:$N$82,Y28,PrilimTable!$R$4:$R$82) -> 358 | AD28: =AC28/$G$49 -> 0.0096858851 | AE28: =AC28-AA28 -> -319.90909 | AF28: =AE28/AA28 -> -0.47190559 | AG28: 1400
A29: =VLOOKUP($C29,PrilimTable!$N:$T,7,FALSE) -> 1 | B29: 34 | C29: =B29 -> 34 | D29: =VLOOKUP($C29,PrilimTable!$N:$S,2,FALSE) -> Rte 34 Opry Mills IB | E29: =SUMIF(PrilimTable!$M$4:$M$82,B29,PrilimTable!$P$4:$P$82) -> 365.81818 | F29: =E29/$E$49 -> 0.010630611 | G29: =SUMIF(PrilimTable!$N$4:$N$82,C29,PrilimTable!$R$4:$R$82) -> 44 | H29: =G29/$G$49 -> 0.001190444 | I29: =G29-E29 -> -321.81818 | J29: =I29/E29 -> -0.87972167 | X29: 17 | Y29: 17 | Z29: =VLOOKUP(Y29,$C$14:$D$49,2,FALSE) -> Rte 17 12TH AVENUE SOUTH iB | AA29: =SUMIF(PrilimTable!$M$4:$M$82,X29,PrilimTable!$P$4:$P$82) -> 637.95455 | AB29: =AA29/$E$49 -> 0.018538846 | AC29: =SUMIF(PrilimTable!$N$4:$N$82,Y29,PrilimTable!$R$4:$R$82) -> 886 | AD29: =AC29/$G$49 -> 0.023971213 | AE29: =AC29-AA29 -> 248.04545 | AF29: =AE29/AA29 -> 0.38881368 | AG29: 1500
A30: =VLOOKUP($C30,PrilimTable!$N:$T,7,FALSE) -> 1 | B30: 41 | C30: =B30 -> 41 | D30: =VLOOKUP($C30,PrilimTable!$N:$S,2,FALSE) -> Rte 41 Golden Valley OB PM | E30: =SUMIF(PrilimTable!$M$4:$M$82,B30,PrilimTable!$P$4:$P$82) -> 61.909091 | F30: =E30/$E$49 -> 0.0017990672 | G30: =SUMIF(PrilimTable!$N$4:$N$82,C30,PrilimTable!$R$4:$R$82) -> 27 | H30: =G30/$G$49 -> 0.00073049972 | I30: =G30-E30 -> -34.909091 | J30: =I30/E30 -> -0.56387665 | X30: 42 | Y30: 42 | Z30: =VLOOKUP(Y30,$C$14:$D$49,2,FALSE) -> Rte 42 St. Cecilia/Cumberland IB | AA30: =SUMIF(PrilimTable!$M$4:$M$82,X30,PrilimTable!$P$4:$P$82) -> 402.68182 | AB30: =AA30/$E$49 -> 0.011701862 | AC30: =SUMIF(PrilimTable!$N$4:$N$82,Y30,PrilimTable!$R$4:$R$82) -> 716 | AD30: =AC30/$G$49 -> 0.01937177 | AE30: =AC30-AA30 -> 313.31818 | AF30: =AE30/AA30 -> 0.77807879 | AG30: 1600
A31: =VLOOKUP($C31,PrilimTable!$N:$T,7,FALSE) -> 1 | B31: 42 | C31: =B31 -> 42 | D31: =VLOOKUP($C31,PrilimTable!$N:$S,2,FALSE) -> Rte 42 St. Cecilia/Cumberland IB | E31: =SUMIF(PrilimTable!$M$4:$M$82,B31,PrilimTable!$P$4:$P$82) -> 402.68182 | F31: =E31/$E$49 -> 0.011701862 | G31: =SUMIF(PrilimTable!$N$4:$N$82,C31,PrilimTable!$R$4:$R$82) -> 716 | H31: =G31/$G$49 -> 0.01937177 | I31: =G31-E31 -> 313.31818 | J31: =I31/E31 -> 0.77807879 | X31: 90 | Y31: 90 | Z31: =VLOOKUP(Y31,$C$14:$D$49,2,FALSE) -> Rte 90 Music City Star oB | AA31: =SUMIF(PrilimTable!$M$4:$M$82,X31,PrilimTable!$P$4:$P$82) -> 399.31818 | AB31: =AA31/$E$49 -> 0.011604115 | AC31: =SUMIF(PrilimTable!$N$4:$N$82,Y31,PrilimTable!$R$4:$R$82) -> 40 | AD31: =AC31/$G$49 -> 0.0010822218 | AE31: =AC31-AA31 -> -359.31818 | AF31: =AE31/AA31 -> -0.89982925 | AG31: 1700
... A48: =VLOOKUP($C48,PrilimTable!$N:$T,7,FALSE) -> 6 | B48: 95 | C48: =B48 -> 95 | D48: =VLOOKUP($C48,PrilimTable!$N:$S,2,FALSE) -> Rte 95 Spring Hill Exp OB | E48: =SUMIF(PrilimTable!$M$4:$M$82,B48,PrilimTable!$P$4:$P$82) -> 51.636364 | F48: =E48/$E$49 -> 0.0015005436 | G48: =SUMIF(PrilimTable!$N$4:$N$82,C48,PrilimTable!$R$4:$R$82) -> 11 | H48: =G48/$G$49 -> 0.000297611 | I48: =G48-E48 -> -40.636364 | J48: =I48/E48 -> -0.78697183 | X48: 64 | Y48: 64 | Z48: =VLOOKUP(Y48,$C$14:$D$49,2,FALSE) -> Rte 64 STAR DOWNTOWN SHUTTLE | AA48: =SUMIF(PrilimTable!$M$4:$M$82,X48,PrilimTable!$P$4:$P$82) -> 9.1818182 | AB48: =AA48/$E$49 -> 0.000266822 | AC48: =SUMIF(PrilimTable!$N$4:$N$82,Y48,PrilimTable!$R$4:$R$82) -> 547 | AD48: =AC48/$G$49 -> 0.014799383 | AE48: =AC48-AA48 -> 537.81818 | AF48: =AE48/AA48 -> 58.574257 | AG48: 3400
D49: TOTAL | E49: =SUM(E15:E48) -> 34411.773 | F49: =SUM(F15:F48) -> 1 | G49: =SUM(G15:G48) -> 36961 | H49: =SUM(H15:H48) -> 1 | I49: =G49-E49 -> 2549.2273 | J49: =I49/E49 -> 0.074080092 | AA49: =SUM(AA15:AA48) -> 34411.773 | AB49: 0.998 | AC49: =SUM(AC15:AC48) -> 36961 | AD49: 1 | AE49: =AC49-AA49 -> 2549.2273 | AF49: =AE49/AA49 -> 0.074080092

Sheet PrilimTable
P2: OBS | R2: ABM_12132015
B3: ROUTE_STATION_NUM | C3: Boardings | M3: Rte Id (OBS) | N3: Rte Id (ABM) | O3: Rte Name | P3: Boardings | Q3: Percentage | R3: Boardings | S3: Percentage | T3: Mode
B4: 3 | C4: =VLOOKUP($B4,Aggregated_Transit_Final_V2!$B:$H,7,FALSE) -> 2516.9091 | M4: 3 | N4: 3 | O4: =VLOOKUP($N4,ABM_RteName!$A:$D,3,FALSE) -> Rte 3 West End (White Bridge) IB | P4: =VLOOKUP(M4,$B:$C,2,FALSE) -> 2516.9091 | Q4: =P4/$P$38 -> 0.073140931 | R4: =SUMIF(BoardingByRoute_ABM!$B:$B,N4,BoardingByRoute_ABM!$N:$N) -> 8057 | S4: =R4/R$38 -> 0.21798653 | T4: =VLOOKUP($N4,ABM_RteName!$A:$E,5,FALSE) -> 1
B5: 4 | C5: =VLOOKUP($B5,Aggregated_Transit_Final_V2!$B:$H,7,FALSE) -> 941.04545 | M5: 4 | N5: 4 | O5: =VLOOKUP($N5,ABM_RteName!$A:$D,3,FALSE) -> Rte 4 Shelby IB | P5: =VLOOKUP(M5,$B:$C,2,FALSE) -> 941.04545 | Q5: =P5/$P$38 -> 0.027346614 | R5: =SUMIF(BoardingByRoute_ABM!$B:$B,N5,BoardingByRoute_ABM!$N:$N) -> 299 | S5: =R5/R$38 -> 0.008089608 | T5: =VLOOKUP($N5,ABM_RteName!$A:$E,5,FALSE) -> 1
B6: 6 | C6: =VLOOKUP($B6,Aggregated_Transit_Final_V2!$B:$H,7,FALSE) -> 818.18182 | M6: 6 | N6: 6 | O6: =VLOOKUP($N6,ABM_RteName!$A:$D,3,FALSE) -> Rte 6 Lebanon Rd OB | P6: =VLOOKUP(M6,$B:$C,2,FALSE) -> 818.18182 | Q6: =P6/$P$38 -> 0.023776218 | R6: =SUMIF(BoardingByRoute_ABM!$B:$B,N6,BoardingByRoute_ABM!$N:$N) -> 622 | S6: =R6/R$38 -> 0.016828549 | T6: =VLOOKUP($N6,ABM_RteName!$A:$E,5,FALSE) -> 1
B7: 7 | C7: =VLOOKUP($B7,Aggregated_Transit_Final_V2!$B:$H,7,FALSE) -> 1841.5909 | M7: 7 | N7: 7 | O7: =VLOOKUP($N7,ABM_RteName!$A:$D,3,FALSE) -> Rte 7 Hillsboro IB | P7: =VLOOKUP(M7,$B:$C,2,FALSE) -> 1841.5909 | Q7: =P7/$P$38 -> 0.053516305 | R7: =SUMIF(BoardingByRoute_ABM!$B:$B,N7,BoardingByRoute_ABM!$N:$N) -> 2656 | S7: =R7/R$38 -> 0.071859528 | T7: =VLOOKUP($N7,ABM_RteName!$A:$E,5,FALSE) -> 1
B8: 8 | C8: =VLOOKUP($B8,Aggregated_Transit_Final_V2!$B:$H,7,FALSE) -> 944.40909 | M8: 8 | N8: 8 | O8: =VLOOKUP($N8,ABM_RteName!$A:$D,3,FALSE) -> Rte 8 8TH AVENUE SOUTH iB | P8: =VLOOKUP(M8,$B:$C,2,FALSE) -> 944.40909 | Q8: =P8/$P$38 -> 0.02744436 | R8: =SUMIF(BoardingByRoute_ABM!$B:$B,N8,BoardingByRoute_ABM!$N:$N) -> 839 | S8: =R8/R$38 -> 0.022699602 | T8: =VLOOKUP($N8,ABM_RteName!$A:$E,5,FALSE) -> 1
B9: 9 | C9: =VLOOKUP($B9,Aggregated_Transit_Final_V2!$B:$H,7,FALSE) -> 350.59091 | M9: 9 | N9: 9 | O9: =VLOOKUP($N9,ABM_RteName!$A:$D,3,FALSE) -> Rte 9 MetroCenter OB | P9: =VLOOKUP(M9,$B:$C,2,FALSE) -> 350.59091 | Q9: =P9/$P$38 -> 0.01018811 | R9: =SUMIF(BoardingByRoute_ABM!$B:$B,N9,BoardingByRoute_ABM!$N:$N) -> 834 | S9: =R9/R$38 -> 0.022564325 | T9: =VLOOKUP($N9,ABM_RteName!$A:$E,5,FALSE) -> 1
B10: 14 | C10: =VLOOKUP($B10,Aggregated_Transit_Final_V2!$B:$H,7,FALSE) -> 334.18182 | M10: 14 | N10: 14 | O10: =VLOOKUP($N10,ABM_RteName!$A:$D,3,FALSE) -> Rte 14 WHITES CREEK oB | P10: =VLOOKUP(M10,$B:$C,2,FALSE) -> 334.18182 | Q10: =P10/$P$38 -> 0.0097112642 | R10: =SUMIF(BoardingByRoute_ABM!$B:$B,N10,BoardingByRoute_ABM!$N:$N) -> 328 | S10: =R10/R$38 -> 0.0088742188 | T10: =VLOOKUP($N10,ABM_RteName!$A:$E,5,FALSE) -> 1
B11: 17 | C11: =VLOOKUP($B11,Aggregated_Transit_Final_V2!$B:$H,7,FALSE) -> 637.95455 | M11: 17 | N11: 17 | O11: =VLOOKUP($N11,ABM_RteName!$A:$D,3,FALSE) -> Rte 17 12TH AVENUE SOUTH iB | P11: =VLOOKUP(M11,$B:$C,2,FALSE) -> 637.95455 | Q11: =P11/$P$38 -> 0.018538846 | R11: =SUMIF(BoardingByRoute_ABM!$B:$B,N11,BoardingByRoute_ABM!$N:$N) -> 886 | S11: =R11/R$38 -> 0.023971213 | T11: =VLOOKUP($N11,ABM_RteName!$A:$E,5,FALSE) -> 1
B12: 18 | C12: =VLOOKUP($B12,Aggregated_Transit_Final_V2!$B:$H,7,FALSE) -> 677.90909 | M12: 18 | N12: 18 | O12: =VLOOKUP($N12,ABM_RteName!$A:$D,3,FALSE) -> Rte 18 Airport Exp OB | P12: =VLOOKUP(M12,$B:$C,2,FALSE) -> 677.90909 | Q12: =P12/$P$38 -> 0.019699918 | R12: =SUMIF(BoardingByRoute_ABM!$B:$B,N12,BoardingByRoute_ABM!$N:$N) -> 358 | S12: =R12/R$38 -> 0.0096858851 | T12: =VLOOKUP($N12,ABM_RteName!$A:$E,5,FALSE) -> 6
B13: 19 | C13: =VLOOKUP($B13,Aggregated_Transit_Final_V2!$B:$H,7,FALSE) -> 955.72727 | M13: 19 | N13: 19 | O13: =VLOOKUP($N13,ABM_RteName!$A:$D,3,FALSE) -> Rte 19 Herman IB | P13: =VLOOKUP(M13,$B:$C,2,FALSE) -> 955.72727 | Q13: =P13/$P$38 -> 0.027773265 | R13: =SUMIF(BoardingByRoute_ABM!$B:$B,N13,BoardingByRoute_ABM!$N:$N) -> 1053 | S13: =R13/R$38 -> 0.028489489 | T13: =VLOOKUP($N13,ABM_RteName!$A:$E,5,FALSE) -> 1
B14: 22 | C14: =VLOOKUP($B14,Aggregated_Transit_Final_V2!$B:$H,7,FALSE) -> 1505.4091 | M14: 22 | N14: 22 | O14: =VLOOKUP($N14,ABM_RteName!$A:$D,3,FALSE) -> Rte 22 Bordeaux (Panaroma) IB | P14: =VLOOKUP(M14,$B:$C,2,FALSE) -> 1505.4091 | Q14: =P14/$P$38 -> 0.043746921 | R14: =SUMIF(BoardingByRoute_ABM!$B:$B,N14,BoardingByRoute_ABM!$N:$N) -> 1697 | S14: =R14/R$38 -> 0.04591326 | T14: =VLOOKUP($N14,ABM_RteName!$A:$E,5,FALSE) -> 1
B15: 23 | C15: =VLOOKUP($B15,Aggregated_Transit_Final_V2!$B:$H,7,FALSE) -> 2690.5 | M15: 23 | N15: 23 | O15: =VLOOKUP($N15,ABM_RteName!$A:$D,3,FALSE) -> Rte 23 Dickerson Pike OB | P15: =VLOOKUP(M15,$B:$C,2,FALSE) -> 2690.5 | Q15: =P15/$P$38 -> 0.078185452 | R15: =SUMIF(BoardingByRoute_ABM!$B:$B,N15,BoardingByRoute_ABM!$N:$N) -> 1650 | S15: =R15/R$38 -> 0.044641649 | T15: =VLOOKUP($N15,ABM_RteName!$A:$E,5,FALSE) -> 1
... B37: 95 | C37: =VLOOKUP($B37,Aggregated_Transit_Final_V2!$B:$H,7,FALSE) -> 51.636364 | M37: 95 | N37: 95 | O37: =VLOOKUP($N37,ABM_RteName!$A:$D,3,FALSE) -> Rte 95 Spring Hill Exp OB | P37: =VLOOKUP(M37,$B:$C,2,FALSE) -> 51.636364 | Q37: =P37/$P$38 -> 0.0015005436 | R37: =SUMIF(BoardingByRoute_ABM!$B:$B,N37,BoardingByRoute_ABM!$N:$N) -> 11 | S37: =R37/R$38 -> 0.000297611 | T37: =VLOOKUP($N37,ABM_RteName!$A:$E,5,FALSE) -> 6
M38: TOTAL | P38: =SUM(P4:P37) -> 34411.773 | Q38: =SUM(Q4:Q37) -> 1 | R38: =SUM(R4:R37) -> 36961 | S38: =SUM(S4:S37) -> 1
O44: Following stations are replaced with '301'
O45: DON | P45: 301
O46: HER | P46: 301
O47: JUL | P47: 301
O48: LEB | P48: 301
O49: MAR | P49: 301
O50: RIV | P50: 301
O51: 18X | P51: 18
A54: Boardings by transit sub-mode
C55: OBS | E55: ABM | G55: Sub-mode Constant (DaySim)
B56: Transit sub-mode | C56: Count | D56: Percentage | E56: Count | F56: Percentage | G56: Utils | H56: Mins
B57: Local Bus | C57: =25297-BoardingByRoute_All!E48 -> 25245.364 | D57: =C57/$C$61 -> 0.80599462 | E57: =IF(ISNUMBER(TrnStat.asc!J26),TrnStat.asc!J26,CONCATENATE(LEFT(TrnStat.asc!J26,2),RIGHT(TrnStat.asc!J26,3))) -> 35396 | F57: =E57/E$61 -> 0.95765807 | G57: -0.1 | H57: =G57/0.03 -> -3.3333333
B58: Express Bus | C58: 2122 | D58: =C58/$C$61 -> 0.067747909 | E58: =IF(ISNUMBER(TrnStat.asc!K27),TrnStat.asc!K27,CONCATENATE(LEFT(TrnStat.asc!K27,2),RIGHT(TrnStat.asc!K27,3)))+IF(ISNUMBER(TrnStat.asc!K28),TrnStat.asc!K28,CONCATENATE(LEFT(TrnStat.asc!K28,2),RIGHT(TrnStat.asc!K28,3))) -> 187 | F58: =E58/E$61 -> 0.0050593869 | G58: 0.45 | H58: =G58/0.03 -> 15
B59: BRT | C59: 2660 | D59: =C59/$C$61 -> 0.084924334 | E59: =IF(ISNUMBER(TrnStat.asc!K29),TrnStat.asc!K29,CONCATENATE(LEFT(TrnStat.asc!K29,2),RIGHT(TrnStat.asc!K29,3))) -> 147 | F59: =E59/E$61 -> 0.0039771651 | G59: -0.1 | H59: =G59/0.03 -> -3.3333333
B60: Commuter Rail | C60: =1243+BoardingByRoute_All!E48 -> 1294.6364 | D60: =C60/$C$61 -> 0.041333132 | E60: =IF(ISNUMBER(TrnStat.asc!J30),TrnStat.asc!J30,CONCATENATE(LEFT(TrnStat.asc!J30,2),RIGHT(TrnStat.asc!J30,3)))+IF(ISNUMBER(TrnStat.asc!J31),TrnStat.asc!J31,CONCATENATE(LEFT(TrnStat.asc!J31,2),RIGHT(TrnStat.asc!J31,3))) -> 1231 | F60: =E60/E$61 -> 0.033305376 | G60: 1.3 | H60: =G60/0.03 -> 43.333333
B61: Total | C61: 31322 | D61: =C61/$C$61 -> 1 | E61: =SUM(E57:E60) -> 36961 | F61: 1
B63: Transfer Rate | C63: 0.596 | E63: =-(TrnStat.asc!D46) -> 0.3437

Sheet Aggregated_Transit_Final_V2
A1: RouteNumChar | B1: RouteNumNum | C1: RouteObs | D1: ON | E1: ObsName | F1: ObsOn | G1: ObsOff | H1: boarding
A2: 3 | B2: 3 | H2: =IFERROR(VLOOKUP(B2,Obs_Ridership!$A:$G,7,FALSE),"") -> 2516.9091
A3: 4 | B3: 4 | H3: =IFERROR(VLOOKUP(B3,Obs_Ridership!$A:$G,7,FALSE),"") -> 941.04545
A4: 6 | B4: 6 | H4: =IFERROR(VLOOKUP(B4,Obs_Ridership!$A:$G,7,FALSE),"") -> 818.18182
A5: 7 | B5: 7 | H5: =IFERROR(VLOOKUP(B5,Obs_Ridership!$A:$G,7,FALSE),"") -> 1841.5909
A6: 8 | B6: 8 | H6: =IFERROR(VLOOKUP(B6,Obs_Ridership!$A:$G,7,FALSE),"") -> 944.40909
A7: 9 | B7: 9 | H7: =IFERROR(VLOOKUP(B7,Obs_Ridership!$A:$G,7,FALSE),"") -> 350.59091
A8: 14 | B8: 14 | H8: =IFERROR(VLOOKUP(B8,Obs_Ridership!$A:$G,7,FALSE),"") -> 334.18182
A9: 17 | B9: 17 | H9: =IFERROR(VLOOKUP(B9,Obs_Ridership!$A:$G,7,FALSE),"") -> 637.95455
A10: 18 | B10: 18 | H10: =IFERROR(VLOOKUP(B10,Obs_Ridership!$A:$G,7,FALSE),"") -> 677.90909
A11: 19 | B11: 19 | H11: =IFERROR(VLOOKUP(B11,Obs_Ridership!$A:$G,7,FALSE),"") -> 955.72727
A12: 22 | B12: 22 | H12: =IFERROR(VLOOKUP(B12,Obs_Ridership!$A:$G,7,FALSE),"") -> 1505.4091
A13: 23 | B13: 23 | H13: =IFERROR(VLOOKUP(B13,Obs_Ridership!$A:$G,7,FALSE),"") -> 2690.5
... A29: 84 | B29: 84 | H29: =IFERROR(VLOOKUP(B29,Obs_Ridership!$A:$G,7,FALSE),"") -> 127.5
A30: 86 | B30: 86 | H30: =IFERROR(VLOOKUP(B30,Obs_Ridership!$A:$G,7,FALSE),"") -> 47.090909 | I30: "RouteNumNum" isn't correct, used "RouteNumChar"
A31: 87 | B31: 87 | H31: =IFERROR(VLOOKUP(B31,Obs_Ridership!$A:$G,7,FALSE),"") -> 77.318182
A32: 89 | B32: 89 | H32: =IFERROR(VLOOKUP(B32,Obs_Ridership!$A:$G,7,FALSE),"") -> 23
A33: 90 | B33: 90 | H33: =IFERROR(VLOOKUP(B33,Obs_Ridership!$A:$G,7,FALSE),"") -> 399.31818
A34: 93 | B34: 93 | H34: =IFERROR(VLOOKUP(B34,Obs_Ridership!$A:$G,7,FALSE),"") -> 121.36364
A35: 95 | B35: 95 | H35: =IFERROR(VLOOKUP(B35,Obs_Ridership!$A:$G,7,FALSE),"") -> 51.636364

Sheet TrnStat.asc
B2: Created | C2: On: | D2: Fri, | E2: Dec | F2: 27 | G2: 2024 | H2: (08:59:31)
B3: Nashville | C3: Transit | D3: Assignment | E3: Summary
B5: Alternative:
A9: TRIPS | B9: BY | C9: TOD | D9: AND | E9: MODE | F9: (MODE | G9: CHOICE | H9: MODEL | I9: RESULTS)
A10: |
B11: Per | C11: DriveAlo | D11: ShrRide | E11: 2 | F11: ShrRide | G11: 3+ | H11: WalkLocal | I11: WalkBrt | J11: WalkExpBus | K11: WalkUrbRail | L11: WalkComRail | M11: PnRLocal | N11: PnRBrt | O11: PnRExpBus | P11: PnRUrbRail | Q11: PnRComRail | R11: KnRLocal | S11: KnRBrt | T11: KnRExpBus | U11: KnRUrbRail | V11: KnrComRail | W11: | | X11: Total | Y11: Trips
A12: |
B13: AM | C13: -- | D13: -- | E13: -- | F13: 5175 | G13: 42 | H13: 41 | I13: 0 | J13: 277 | K13: 1169 | L13: 0 | M13: 5 | N13: 0 | O13: 22 | P13: 0 | Q13: 0 | R13: 0 | S13: 0 | T13: 0 | U13: | | V13: --
B14: MD | C14: -- | D14: -- | E14: -- | F14: 7578 | G14: 19 | H14: 56 | I14: 0 | J14: 0 | K14: 624 | L14: 0 | M14: 2 | N14: 0 | O14: 0 | P14: 0 | Q14: 0 | R14: 0 | S14: 0 | T14: 0 | U14: | | V14: --
B15: PM | C15: -- | D15: -- | E15: -- | F15: 7274 | G15: 24 | H15: 49 | I15: 0 | J15: 928 | K15: 1282 | L15: 0 | M15: 7 | N15: 0 | O15: 16 | P15: 0 | Q15: 0 | R15: 0 | S15: 0 | T15: 0 | U15: | | V15: --
B16: OP | C16: -- | D16: -- | E16: -- | F16: 2690 | G16: 0 | H16: 17 | I16: 0 | J16: 0 | K16: 209 | L16: 0 | M16: 0 | N16: 0 | O16: 0 | P16: 0 | Q16: 0 | R16: 0 | S16: 0 | T16: 0 | U16: | | V16: --
A17: |
A18: TOTAL | B18: -- | C18: -- | D18: -- | E18: 22717 | F18: 85 | G18: 163 | H18: 0 | I18: 1205 | J18: 3284 | K18: 0 | L18: 14 | M18: 0 | N18: 38 | O18: 0 | P18: 0 | Q18: 0 | R18: 0 | S18: 0 | T18: | | U18: --
A22: TRANSIT | B22: BOARDINGS | C22: BY | D22: MODE | E22: (TRANSIT | F22: ASSIGNMENT | G22: RESULTS)
A23: |
B24: Mode | C24: Mode | D24: Name | E24: Dwell | F24: Factor | G24: AM | H24: MD | I24: PM | J24: OP | K24: | | L24: Total
A25: |
B26: 1 | C26: Local | D26: 2 | E26: 8366 | F26: 11296 | G26: 11776 | H26: 3950 | I26: | | J26: 35396
B27: 6 | C27: Express | D27: Bus | E27: 1 | F27: 46 | G27: 58 | H27: 56 | I27: 18 | J27: | | K27: 180
B28: 7 | C28: Commuter | D28: Bus | E28: 1 | F28: 3 | G28: 0 | H28: 4 | I28: 0 | J28: | | K28: 7
B29: 8 | C29: Existing | D29: BRT | E29: 1.5 | F29: 44 | G29: 18 | H29: 85 | I29: 0 | J29: | | K29: 147
B30: 11 | C30: Shuttle | D30: 2 | E30: 267 | F30: 0 | G30: 923 | H30: 0 | I30: | | J30: 1191
B31: 12 | C31: ComRail | D31: 0.5 | E31: 30 | F31: 0 | G31: 12 | H31: 0 | I31: | | J31: 40
A32: |
B33: TOTAL | C33: 8756 | D33: 11372 | E33: 12856 | F33: 3968 | G33: | | H33: 36961
A37: TRANSFER | B37: RATES | C37: BY | D37: TOD
B39: Period | C39: Transfers | D39: (Rate)
B41: AM | C41: 2025 | D41: (30.08%)
B42: MD | C42: 3093 | D42: (37.35%)
B43: PM | C43: 3276 | D43: (34.19%)
B44: OP | C44: 1052 | D44: (36.06%)
B46: TOTAL | C46: 9455 | D46: (34.37%)
A50: TRANSIT | B50: BOARDINGS | C50: BY | D50: ROUTE | E50: (TRANSIT | F50: ASSIGNMENT | G50: RESULTS)
A51: |
B52: Route | C52: Mode | D52: Route | E52: Name | F52: AM | G52: MD | H52: PM | I52: OP | J52: | | K52: Total
A53: |
B54: 3 | C54: 1 | D54: Rte | E54: 3 | F54: 1986 | G54: 2285 | H54: 3002 | I54: 782 | J54: | | K54: 8057
B55: 4 | C55: 1 | D55: Rte | E55: 4 | F55: 50 | G55: 78 | H55: 88 | I55: 84 | J55: | | K55: 299
B56: 6 | C56: 1 | D56: Rte | E56: 6 | F56: 155 | G56: 109 | H56: 286 | I56: 72 | J56: | | K56: 622
B57: 7 | C57: 1 | D57: Rte | E57: 7 | F57: 555 | G57: 1056 | H57: 749 | I57: 295 | J57: | | K57: 2656
B58: 8 | C58: 1 | D58: Rte | E58: 8 | F58: 226 | G58: 309 | H58: 240 | I58: 65 | J58: | | K58: 839
B59: 9 | C59: 1 | D59: Rte | E59: 9 | F59: 259 | G59: 336 | H59: 239 | I59: 0 | J59: | | K59: 834
B60: 14 | C60: 1 | D60: Rte | E60: 14 | F60: 96 | G60: 63 | H60: 138 | I60: 30 | J60: | | K60: 328
B61: 17 | C61: 1 | D61: Rte | E61: 17 | F61: 230 | G61: 277 | H61: 322 | I61: 56 | J61: | | K61: 886
B62: 18 | C62: 6 | D62: Rte | E62: 18 | F62: 66 | G62: 172 | H62: 72 | I62: 46 | J62: | | K62: 358
B63: 19 | C63: 1 | D63: Rte | E63: 19 | F63: 232 | G63: 294 | H63: 425 | I63: 101 | J63: | | K63: 1053
B64: 22 | C64: 1 | D64: Rte | E64: 22 | F64: 274 | G64: 526 | H64: 539 | I64: 358 | J64: | | K64: 1697
B65: 23 | C65: 1 | D65: Rte | E65: 23 | F65: 382 | G65: 566 | H65: 520 | I65: 182 | J65: | | K65: 1650
... B86: 95 | C86: 6 | D86: Rte | E86: 95 | F86: 5 | G86: 0 | H86: 4 | I86: 0 | J86: | | K86: 11
A87: | | B87: 42 | C87: 1 | D87: Rte | E87: 42 | F87: 00,074 | G87: 0,077 | H87: 0,250 | I87: 0,074 | J87: | | K87: 00,476
B88: TOTAL | C88: 8756 | D88: 11372 | E88: 12856 | F88: 3968 | G88: | | H88: 36961 | I88: 0,009 | J88: | | K88: 00,076
B89: 52 | C89: 1 | D89: Rte | E89: 52 | F89: 00,614 | G89: 0,603 | H89: 0,833 | I89: 0,334 | J89: | | K89: 2385
B90: 56 | C90: 8 | D90: Rte | E90: 56 | F90: 00,813 | G90: 0,675 | H90: 0,855 | I90: 0,248 | J90: | | K90: 2591
B91: 60 | C91: 1 | D91: Rte | E91: 60 | F91: 00,136 | G91: 0,795 | H91: 0,526 | I91: 0,000 | J91: | | K91: 1457
A92: TRANSIT | B92: BOARDINGS | C92: BY | D92: INDIVIDUAL | E92: ROUTES | F92: (DISAGGREGATE | G92: RESULTS) | H92: 0,121 | I92: 0,097 | J92: | | K92: 00,445
B93: 72 | C93: 1 | D93: Rte | E93: 72 | F93: 00,006 | G93: 0,009 | H93: 0,004 | I93: 0,000 | J93: | | K93: 00,018
B94: RTE_ID | C94: RTE_NAME | D94: MODE | E94: HDAM | F94: HDMD | G94: HDPM | H94: HDOP | I94: RTE | J94: AM_MILES | K94: AM_TIME | L94: MD_MILES | M94: MD_TIME | N94: PM_MILES | O94: PM_TIME | P94: OP_MILES | Q94: OP_TIME | R94: TOT_ON | S94: 1_WL | T94: 1_WB | U94: 1_WE | V94: 1_WU | W94: 1_WC | X94: 1_PL | Y94: 1_PB | Z94: 1_PE | AA94: 1_PU | AB94: 1_PC | AC94: 1_KL | AD94: 1_KB | AE94: 1_KE | AF94: 1_KU | AG94: 1_KC | AH94: 2_WL | AI94: 2_WB | AJ94: 2_WE | AK94: 2_WU | AL94: 2_WC | AM94: 2_PL | AN94: 2_PB | AO94: 2_PE | AP94: 2_PU | AQ94: 2_PC | AR94: 2_KL | AS94: 2_KB | AT94: 2_KE | AU94: 2_KU | AV94: 2_KC | AW94: 3_WL | AX94: 3_WB | AY94: 3_WE | AZ94: 3_WU | BA94: 3_WC | BB94: 3_PL | BC94: 3_PB | BD94: 3_PE | BE94: 3_PU | BF94: 3_PC | BG94: 3_KL | BH94: 3_KB | BI94: 3_KE | BJ94: 3_KU | BK94: 3_KC | BL94: 4_WL | BM94: 4_WB | BN94: 4_WE | BO94: 4_WU | BP94: 4_WC | BQ94: 4_PL | BR94: 4_PB | BS94: 4_PE | BT94: 4_PU | BU94: 4_PC | BV94: 4_KL | BW94: 4_KB | BX94: 4_KE | BY94: 4_KU | BZ94: 4_KC | CA94: 5_WL | CB94: 5_WB | CC94: 5_WE | CD94: 5_WU | CE94: 5_WC | CF94: 5_PL | CG94: 5_PB | CH94: 5_PE | CI94: 5_PU | CJ94: 5_PC | CK94: 5_KL | CL94: 5_KB | CM94: 5_KE | CN94: 5_KU | CO94: 5_KC | CP94: 6_WL | CQ94: 6_WB | CR94: 6_WE | CS94: 6_WU | CT94: 6_WC | CU94: 6_PL | CV94: 6_PB | CW94: 6_PE | CX94: 6_PU | CY94: 6_PC | CZ94: 6_KL | DA94: 6_KB | DB94: 6_KE | DC94: 6_KU | DD94: 6_KC | DE94: 7_WL | DF94: 7_WB | DG94: 7_WE | DH94: 7_WU | DI94: 7_WC | DJ94: 7_PL | DK94: 7_PB | DL94: 7_PE | DM94: 7_PU | DN94: 7_PC | DO94: 7_KL | DP94: 7_KB | DQ94: 7_KE | DR94: 7_KU | DS94: 7_KC | DT94: TOT_PH | DU94: TOT_PM
B95: 77 | C95: 1 | D95: Rte | E95: 77 | F95: 00,003 | G95: 0,008 | H95: 0,009 | I95: 0,016 | J95: | | K95: 00,036
B96: 1Rte | C96: 52 | D96: NOLENSVILLE | E96: PIKE | F96: ( | G96: 1 | H96: 20 | I96: 30 | J96: 22 | K96: 23 | L96: 52 | M96: 9.292847 | N96: 42.540658 | O96: 9.292847 | P96: 39.487693 | Q96: 9.292847 | R96: 60.249936 | S96: 9.292847 | T96: 35.755593 | U96: 943178.30.2090.725 | V96: 05.12911.89 | W96: 0 | X96: 0 | Y96: 0 | Z96: 0 | AA96: 0 | AB96: 0 | AC96: 0 | AD96: 0 | AE96: 0270.00.4330.320 | AF96: 0 | AG96: 3.963 | AH96: 0.162 | AI96: 0 | AJ96: 0 | AK96: 0 | AL96: 0 | AM96: 0 | AN96: 0 | AO96: 0302.30.1270.750 | AP96: 6.094 | AQ96: 8 | AR96: 0 | AS96: 0 | AT96: 0 | AU96: 0 | AV96: 0 | AW96: 0 | AX96: 0 | AY96: 0 | AZ96: 150.2 | BA96: 0.52 | BB96: 0 | BC96: 3.368 | BD96: 0 | BE96: 0 | BF96: 0 | BG96: 0 | BH96: 0 | BI96: 0 | BJ96: 0 | BK96: 0 | BL96: 0 | BM96: 170 | BN96: 2014
B97: 2Rte | C97: 17 | D97: 12TH | E97: AVENUE | F97: SOUTH | G97: 1 | H97: 20 | I97: 28 | J97: 24 | K97: 50 | L97: 17 | M97: 6.224015 | N97: 30.50205 | O97: 6.224015 | P97: 26.265845 | Q97: 6.224015 | R97: 29.234696 | S97: 6.224015 | T97: 23.893719 | U97: 384131.4 | V97: 0 | W97: 0 | X97: 00.6920.545 | Y97: 0 | Z97: 0 | AA97: 0 | AB97: 0 | AC97: 0 | AD97: 0 | AE97: 0 | AF97: 0 | AG97: 129.7 | AH97: 0 | AI97: 0 | AJ97: 0 | AK97: 0 | AL97: 0 | AM97: 0 | AN97: 0 | AO97: 0 | AP97: 0 | AQ97: 0 | AR97: 0 | AS97: 0 | AT97: 0 | AU97: 111.4 | AV97: 0 | AW97: 0 | AX97: 01.6660.357 | AY97: 0 | AZ97: 0 | BA97: 0 | BB97: 0 | BC97: 0 | BD97: 0 | BE97: 0 | BF97: 0 | BG97: 7.223 | BH97: 0 | BI97: 0 | BJ97: 0 | BK97: 0 | BL97: 1 | BM97: 0 | BN97: 0 | BO97: 0 | BP97: 0 | BQ97: 0 | BR97: 0 | BS97: 0 | BT97: 0 | BU97: 0 | BV97: 75 | BW97: 969
B98: 3Rte | C98: 18 | D98: Airport | E98: Exp | F98: OB | G98: 6 | H98: 45 | I98: 45 | J98: 60 | K98: 50 | L98: 18 | M98: 7.637199 | N98: 17.237008 | O98: 7.637199 | P98: 15.661404 | Q98: 7.637199 | R98: 25.502352 | S98: 7.637199 | T98: 13.51467 | U98: 5 | V98: 0 | W98: 0 | X98: 4 | Y98: 0 | Z98: 0 | AA98: 0 | AB98: 0 | AC98: 0 | AD98: 0 | AE98: 0 | AF98: 0 | AG98: 0 | AH98: 0 | AI98: 0 | AJ98: 0 | AK98: 0 | AL98: 0 | AM98: 0 | AN98: 0 | AO98: 0 | AP98: 0 | AQ98: 0 | AR98: 0 | AS98: 0 | AT98: 0 | AU98: 0 | AV98: 0 | AW98: 0 | AX98: 0 | AY98: 0 | AZ98: 0 | BA98: 0 | BB98: 1 | BC98: 0 | BD98: 0 | BE98: 0 | BF98: 0 | BG98: 0 | BH98: 0 | BI98: 0 | BJ98: 0 | BK98: 0 | BL98: 0 | BM98: 0 | BN98: 0 | BO98: 0 | BP98: 0 | BQ98: 0 | BR98: 0 | BS98: 0 | BT98: 0 | BU98: 0 | BV98: 0 | BW98: 0 | BX98: 0 | BY98: 0 | BZ98: 0 | CA98: 0 | CB98: 0 | CC98: 0 | CD98: 2 | CE98: 37
B99: 4Rte | C99: 22 | D99: Bordeaux | E99: (Panaroma | F99: 1 | G99: 60 | H99: 51 | I99: 48 | J99: 38 | K99: 22 | L99: 5.29575 | M99: 26.369803 | N99: 5.29575 | O99: 21.603743 | P99: 5.29575 | Q99: 22.347016 | R99: 5.29575 | S99: 19.836801 | T99: 38292.15 | U99: 0 | V99: 0 | W99: 0 | X99: 0 | Y99: 0 | Z99: 0 | AA99: 0 | AB99: 0 | AC99: 0 | AD99: 0 | AE99: 0 | AF99: 0 | AG99: 0 | AH99: 134.7 | AI99: 0 | AJ99: 0 | AK99: 0 | AL99: 0 | AM99: 0 | AN99: 0 | AO99: 0 | AP99: 0 | AQ99: 0 | AR99: 0 | AS99: 0 | AT99: 0 | AU99: 0 | AV99: 92.75 | AW99: 0 | AX99: 0 | AY99: 0 | AZ99: 1.905 | BA99: 0 | BB99: 0 | BC99: 0 | BD99: 0 | BE99: 0 | BF99: 0 | BG99: 0 | BH99: 0 | BI99: 60.38 | BJ99: 0 | BK99: 0 | BL99: 0 | BM99: 0.358 | BN99: 0 | BO99: 0 | BP99: 0 | BQ99: 0 | BR99: 0 | BS99: 0 | BT99: 0 | BU99: 0 | BV99: 0 | BW99: 56 | BX99: 715
B100: 5Rte | C100: 52 | D100: NOLENSVILLE | E100: PIKE | F100: ( | G100: 1 | H100: 20 | I100: 28 | J100: 27 | K100: 27 | L100: 52 | M100: 9.515182 | N100: 62.317008 | O100: 9.515182 | P100: 39.202587 | Q100: 9.515182 | R100: 43.585898 | S100: 9.515182 | T100: 33.264708 | U100: 685190.8 | V100: 1.058 | W100: 0 | X100: 2.873 | Y100: 0 | Z100: 0 | AA100: 0.907 | AB100: 0 | AC100: 0 | AD100: 0 | AE100: 0 | AF100: 0211.20.209 | AG100: 3 | AH100: 0 | AI100: 1.727 | AJ100: 0 | AK100: 0 | AL100: 0 | AM100: 0 | AN100: 0 | AO100: 0 | AP100: 0 | AQ100: 0 | AR100: 157.2 | AS100: 0 | AT100: 0 | AU100: 0 | AV100: 6.145 | AW100: 0 | AX100: 0 | AY100: 0 | AZ100: 0 | BA100: 0 | BB100: 0 | BC100: 0 | BD100: 0 | BE100: 109 | BF100: 0.5 | BG100: 0 | BH100: 0 | BI100: 0 | BJ100: 0 | BK100: 0 | BL100: 0 | BM100: 0 | BN100: 0 | BO100: 0 | BP100: 0 | BQ100: 0 | BR100: 0 | BS100: 172 | BT100: 1938
B101: 7Rte | C101: 112 | D101: FTA | E101: Red | F101: Route | G101: SN | H101: 3 | I101: 30 | J101: 30 | K101: 48 | L101: 112 | M101: 7.980679 | N101: 27.987019 | O101: 7.980679 | P101: 25.445584 | Q101: 7.980679 | R101: 27.850819 | S101: 0 | T101: 0 | U101: 0 | V101: 0 | W101: 0 | X101: 0 | Y101: 0 | Z101: 0 | AA101: 0 | AB101: 0 | AC101: 0 | AD101: 0 | AE101: 0 | AF101: 0 | AG101: 0 | AH101: 0 | AI101: 0 | AJ101: 0 | AK101: 0 | AL101: 0 | AM101: 0 | AN101: 0 | AO101: 0 | AP101: 0 | AQ101: 0 | AR101: 0 | AS101: 0 | AT101: 0 | AU101: 0 | AV101: 0 | AW101: 0 | AX101: 0 | AY101: 0 | AZ101: 0 | BA101: 0 | BB101: 0 | BC101: 0 | BD101: 0 | BE101: 0 | BF101: 0 | BG101: 0 | BH101: 0 | BI101: 0 | BJ101: 0 | BK101: 0 | BL101: 0 | BM101: 0 | BN101: 0 | BO101: 0 | BP101: 0 | BQ101: 0 | BR101: 0 | BS101: 0 | BT101: 0 | BU101: 0 | BV101: 0 | BW101: 0 | BX101: 0 | BY101: 0 | BZ101: 0 | CA101: 0 | CB101: 0 | CC101: 0 | CD101: 0 | CE101: 0
B102: 8Rte | C102: 107 | D102: Rover | E102: Gateway | F102: 2 | G102: 36 | H102: 45 | I102: 80 | J102: 107 | K102: 7.423462 | L102: 32.252335 | M102: 7.423462 | N102: 29.81133 | O102: 7.423462 | P102: 34.26938 | Q102: 0 | R102: 0 | S102: 0 | T102: 0 | U102: 0 | V102: 0 | W102: 0 | X102: 0 | Y102: 0 | Z102: 0 | AA102: 0 | AB102: 0 | AC102: 0 | AD102: 0 | AE102: 0 | AF102: 0 | AG102: 0 | AH102: 0 | AI102: 0 | AJ102: 0 | AK102: 0 | AL102: 0 | AM102: 0 | AN102: 0 | AO102: 0 | AP102: 0 | AQ102: 0 | AR102: 0 | AS102: 0 | AT102: 0 | AU102: 0 | AV102: 0 | AW102: 0 | AX102: 0 | AY102: 0 | AZ102: 0 | BA102: 0 | BB102: 0 | BC102: 0 | BD102: 0 | BE102: 0 | BF102: 0 | BG102: 0 | BH102: 0 | BI102: 0 | BJ102: 0 | BK102: 0 | BL102: 0 | BM102: 0 | BN102: 0 | BO102: 0 | BP102: 0 | BQ102: 0 | BR102: 0 | BS102: 0 | BT102: 0 | BU102: 0 | BV102: 0 | BW102: 0 | BX102: 0 | BY102: 0 | BZ102: 0 | CA102: 0 | CB102: 0 | CC102: 0
B103: 9Rte | C103: 105 | D103: Rover | E103: HighLand | F103: 2 | G103: 36 | H103: 45 | I103: 80 | J103: 105 | K103: 7.7243 | L103: 33.215007 | M103: 7.7243 | N103: 31.41687 | O103: 7.7243 | P103: 33.7333 | Q103: 0 | R103: 0 | S103: 0 | T103: 0 | U103: 0 | V103: 0 | W103: 0 | X103: 0 | Y103: 0 | Z103: 0 | AA103: 0 | AB103: 0 | AC103: 0 | AD103: 0 | AE103: 0 | AF103: 0 | AG103: 0 | AH103: 0 | AI103: 0 | AJ103: 0 | AK103: 0 | AL103: 0 | AM103: 0 | AN103: 0 | AO103: 0 | AP103: 0 | AQ103: 0 | AR103: 0 | AS103: 0 | AT103: 0 | AU103: 0 | AV103: 0 | AW103: 0 | AX103: 0 | AY103: 0 | AZ103: 0 | BA103: 0 | BB103: 0 | BC103: 0 | BD103: 0 | BE103: 0 | BF103: 0 | BG103: 0 | BH103: 0 | BI103: 0 | BJ103: 0 | BK103: 0 | BL103: 0 | BM103: 0 | BN103: 0 | BO103: 0 | BP103: 0 | BQ103: 0 | BR103: 0 | BS103: 0 | BT103: 0 | BU103: 0 | BV103: 0 | BW103: 0 | BX103: 0 | BY103: 0 | BZ103: 0 | CA103: 0 | CB103: 0 | CC103: 0
B104: 10Rte | C104: 106 | D104: Rover | E104: Medical | F104: Cen | G104: 2 | H104: 36 | I104: 45 | J104: 80 | K104: 106 | L104: 9.848086 | M104: 47.802958 | N104: 9.848086 | O104: 42.423564 | P104: 9.848086 | Q104: 51.152185 | R104: 0 | S104: 0 | T104: 0 | U104: 0 | V104: 0 | W104: 0 | X104: 0 | Y104: 0 | Z104: 0 | AA104: 0 | AB104: 0 | AC104: 0 | AD104: 0 | AE104: 0 | AF104: 0 | AG104: 0 | AH104: 0 | AI104: 0 | AJ104: 0 | AK104: 0 | AL104: 0 | AM104: 0 | AN104: 0 | AO104: 0 | AP104: 0 | AQ104: 0 | AR104: 0 | AS104: 0 | AT104: 0 | AU104: 0 | AV104: 0 | AW104: 0 | AX104: 0 | AY104: 0 | AZ104: 0 | BA104: 0 | BB104: 0 | BC104: 0 | BD104: 0 | BE104: 0 | BF104: 0 | BG104: 0 | BH104: 0 | BI104: 0 | BJ104: 0 | BK104: 0 | BL104: 0 | BM104: 0 | BN104: 0 | BO104: 0 | BP104: 0 | BQ104: 0 | BR104: 0 | BS104: 0 | BT104: 0 | BU104: 0 | BV104: 0 | BW104: 0 | BX104: 0 | BY104: 0 | BZ104: 0 | CA104: 0 | CB104: 0 | CC104: 0 | CD104: 0
B105: 11Rte | C105: 104 | D105: Rover | E105: Mercury | F105: 2 | G105: 36 | H105: 45 | I105: 80 | J105: 104 | K105: 8.653679 | L105: 34.722638 | M105: 8.653679 | N105: 33.106012 | O105: 8.653679 | P105: 35.140633 | Q105: 0 | R105: 0 | S105: 0 | T105: 0 | U105: 0 | V105: 0 | W105: 0 | X105: 0 | Y105: 0 | Z105: 0 | AA105: 0 | AB105: 0 | AC105: 0 | AD105: 0 | AE105: 0 | AF105: 0 | AG105: 0 | AH105: 0 | AI105: 0 | AJ105: 0 | AK105: 0 | AL105: 0 | AM105: 0 | AN105: 0 | AO105: 0 | AP105: 0 | AQ105: 0 | AR105: 0 | AS105: 0 | AT105: 0 | AU105: 0 | AV105: 0 | AW105: 0 | AX105: 0 | AY105: 0 | AZ105: 0 | BA105: 0 | BB105: 0 | BC105: 0 | BD105: 0 | BE105: 0 | BF105: 0 | BG105: 0 | BH105: 0 | BI105: 0 | BJ105: 0 | BK105: 0 | BL105: 0 | BM105: 0 | BN105: 0 | BO105: 0 | BP105: 0 | BQ105: 0 | BR105: 0 | BS105: 0 | BT105: 0 | BU105: 0 | BV105: 0 | BW105: 0 | BX105: 0 | BY105: 0 | BZ105: 0 | CA105: 0 | CB105: 0 | CC105: 0
B106: 12Rte | C106: 108 | D106: Rover | E106: Old | F106: Fort | G106: 2 | H106: 36 | I106: 45 | J106: 80 | K106: 108 | L106: 5.375258 | M106: 22.759748 | N106: 5.375258 | O106: 20.82894 | P106: 5.375258 | Q106: 24.522643 | R106: 0 | S106: 0 | T106: 0 | U106: 0 | V106: 0 | W106: 0 | X106: 0 | Y106: 0 | Z106: 0 | AA106: 0 | AB106: 0 | AC106: 0 | AD106: 0 | AE106: 0 | AF106: 0 | AG106: 0 | AH106: 0 | AI106: 0 | AJ106: 0 | AK106: 0 | AL106: 0 | AM106: 0 | AN106: 0 | AO106: 0 | AP106: 0 | AQ106: 0 | AR106: 0 | AS106: 0 | AT106: 0 | AU106: 0 | AV106: 0 | AW106: 0 | AX106: 0 | AY106: 0 | AZ106: 0 | BA106: 0 | BB106: 0 | BC106: 0 | BD106: 0 | BE106: 0 | BF106: 0 | BG106: 0 | BH106: 0 | BI106: 0 | BJ106: 0 | BK106: 0 | BL106: 0 | BM106: 0 | BN106: 0 | BO106: 0 | BP106: 0 | BQ106: 0 | BR106: 0 | BS106: 0 | BT106: 0 | BU106: 0 | BV106: 0 | BW106: 0 | BX106: 0 | BY106: 0 | BZ106: 0 | CA106: 0 | CB106: 0 | CC106: 0 | CD106: 0
B107: 13Rte | C107: 102 | D107: Rover | E107: South | F107: Churc | G107: 2 | H107: 36 | I107: 45 | J107: 80 | K107: 102 | L107: 7.235485 | M107: 32.926359 | N107: 7.235485 | O107: 30.25647 | P107: 7.235485 | Q107: 33.97525 | R107: 0 | S107: 0 | T107: 0 | U107: 0 | V107: 0 | W107: 0 | X107: 0 | Y107: 0 | Z107: 0 | AA107: 0 | AB107: 0 | AC107: 0 | AD107: 0 | AE107: 0 | AF107: 0 | AG107: 0 | AH107: 0 | AI107: 0 | AJ107: 0 | AK107: 0 | AL107: 0 | AM107: 0 | AN107: 0 | AO107: 0 | AP107: 0 | AQ107: 0 | AR107: 0 | AS107: 0 | AT107: 0 | AU107: 0 | AV107: 0 | AW107: 0 | AX107: 0 | AY107: 0 | AZ107: 0 | BA107: 0 | BB107: 0 | BC107: 0 | BD107: 0 | BE107: 0 | BF107: 0 | BG107: 0 | BH107: 0 | BI107: 0 | BJ107: 0 | BK107: 0 | BL107: 0 | BM107: 0 | BN107: 0 | BO107: 0 | BP107: 0 | BQ107: 0 | BR107: 0 | BS107: 0 | BT107: 0 | BU107: 0 | BV107: 0 | BW107: 0 | BX107: 0 | BY107: 0 | BZ107: 0 | CA107: 0 | CB107: 0 | CC107: 0 | CD107: 0
B108: 14Rte | C108: 23 | D108: Dickerson | E108: Pike | F108: OB | G108: 1 | H108: 12 | I108: 12 | J108: 13 | K108: 17 | L108: 23 | M108: 6.458566 | N108: 23.313477 | O108: 6.458566 | P108: 24.135131 | Q108: 6.458566 | R108: 30.542834 | S108: 6.458566 | T108: 22.924404 | U108: 80988.19 | V108: 0 | W108: 0 | X108: 06.5831.107 | Y108: 0 | Z108: 0 | AA108: 0 | AB108: 0 | AC108: 0 | AD108: 0 | AE108: 0 | AF108: 0 | AG108: 245.8 | AH108: 0 | AI108: 1 | AJ108: 0 | AK108: 0 | AL108: 1 | AM108: 0 | AN108: 0 | AO108: 0 | AP108: 0 | AQ108: 0 | AR108: 0 | AS108: 0 | AT108: 0 | AU108: 299.1 | AV108: 1 | AW108: 0 | AX108: 46.19 | AY108: 0 | AZ108: 0 | BA108: 0 | BB108: 0 | BC108: 0 | BD108: 0 | BE108: 0 | BF108: 0 | BG108: 0 | BH108: 118.7 | BI108: 0 | BJ108: 0 | BK108: 0 | BL108: 0 | BM108: 0 | BN108: 0 | BO108: 0 | BP108: 0 | BQ108: 0 | BR108: 0 | BS108: 0 | BT108: 0 | BU108: 0 | BV108: 0 | BW108: 173 | BX108: 2387
B109: 15Rte | C109: 23 | D109: Dickerson | E109: Pike | F109: IB | G109: 1 | H109: 13 | I109: 11 | J109: 14 | K109: 16 | L109: 23 | M109: 6.465608 | N109: 33.846686 | O109: 6.465608 | P109: 24.485581 | Q109: 6.465608 | R109: 24.62796 | S109: 6.465608 | T109: 22.516548 | U109: 774265.2 | V109: 1 | W109: 0 | X109: 0 | Y109: 0 | Z109: 0 | AA109: 0 | AB109: 0 | AC109: 0 | AD109: 0 | AE109: 0 | AF109: 0 | AG109: 0 | AH109: 0 | AI109: 303 | AJ109: 0 | AK109: 0 | AL109: 0 | AM109: 0 | AN109: 0 | AO109: 0 | AP109: 0 | AQ109: 0 | AR109: 0 | AS109: 0 | AT109: 0 | AU109: 0 | AV109: 0 | AW109: 150.6 | AX109: 0 | AY109: 0 | AZ109: 0 | BA109: 0 | BB109: 0 | BC109: 0 | BD109: 0 | BE109: 0 | BF109: 0 | BG109: 0 | BH109: 0 | BI109: 0 | BJ109: 0 | BK109: 54.46 | BL109: 0 | BM109: 0 | BN109: 0 | BO109: 0 | BP109: 0 | BQ109: 0 | BR109: 0 | BS109: 0 | BT109: 0 | BU109: 0 | BV109: 0 | BW109: 0 | BX109: 0 | BY109: 0 | BZ109: 175 | CA109: 2247
B110: 16Rte | C110: 52 | D110: NOLENSVILLE | E110: PIKE | F110: ( | G110: 1 | H110: 23 | I110: 28 | J110: 24 | K110: 27 | L110: 52 | M110: 9.960908 | N110: 60.391915 | O110: 9.960908 | P110: 43.664715 | Q110: 9.960908 | R110: 50.714935 | S110: 9.960908 | T110: 38.008597 | U110: 684161.4 | V110: 0.941 | W110: 0 | X110: 2.554 | Y110: 0 | Z110: 0 | AA110: 0.806 | AB110: 0 | AC110: 0 | AD110: 0 | AE110: 0 | AF110: 0204.40.209 | AG110: 3 | AH110: 0 | AI110: 1.727 | AJ110: 0 | AK110: 0 | AL110: 0 | AM110: 0 | AN110: 0 | AO110: 0 | AP110: 0 | AQ110: 0 | AR110: 187.2 | AS110: 0 | AT110: 0 | AU110: 0 | AV110: 9.828 | AW110: 0 | AX110: 0 | AY110: 0 | AZ110: 0 | BA110: 0 | BB110: 0 | BC110: 0 | BD110: 0 | BE110: 110.6 | BF110: 1.5 | BG110: 0 | BH110: 0 | BI110: 0 | BJ110: 0 | BK110: 0 | BL110: 0 | BM110: 0 | BN110: 0 | BO110: 0 | BP110: 0 | BQ110: 0 | BR110: 0 | BS110: 170 | BT110: 1976
B111: 17Rte | C111: 4 | D111: Shelby | E111: IB | F111: 1 | G111: 36 | H111: 40 | I111: 40 | J111: 25 | K111: 4 | L111: 8.487561 | M111: 41.27976 | N111: 8.487561 | O111: 35.266909 | P111: 8.487561 | Q111: 35.576746 | R111: 8.487561 | S111: 33.124027 | T111: 8021.03 | U111: 0 | V111: 0 | W111: 0 | X111: 0 | Y111: 0 | Z111: 0 | AA111: 0 | AB111: 0 | AC111: 0 | AD111: 0 | AE111: 0 | AF111: 0 | AG111: 0 | AH111: 13.47 | AI111: 0 | AJ111: 0 | AK111: 0 | AL111: 0 | AM111: 0 | AN111: 0 | AO111: 0 | AP111: 0 | AQ111: 0 | AR111: 0 | AS111: 0 | AT111: 0 | AU111: 0 | AV111: 9.155 | AW111: 0 | AX111: 0 | AY111: 0 | AZ111: 0 | BA111: 0 | BB111: 0 | BC111: 0 | BD111: 0 | BE111: 0 | BF111: 0 | BG111: 0 | BH111: 0 | BI111: 0 | BJ111: 36.62 | BK111: 0 | BL111: 0 | BM111: 0 | BN111: 0 | BO111: 0 | BP111: 0 | BQ111: 0 | BR111: 0 | BS111: 0 | BT111: 0 | BU111: 0 | BV111: 0 | BW111: 0 | BX111: 0 | BY111: 14 | BZ111: 174 | CA111: 5_WL | CB111: 5_WB | CC111: 5_WE | CD111: 5_WU | CE111: 5_WC | CF111: 5_PL | CG111: 5_PB | CH111: 5_PE | CI111: 5_PU | CJ111: 5_PC | CK111: 5_KL | CL111: 5_KB | CM111: 5_KE | CN111: 5_KU | CO111: 5_KC | CP111: 6_WL | CQ111: 6_WB | CR111: 6_WE | CS111: 6_WU | CT111: 6_WC | CU111: 6_PL | CV111: 6_PB | CW111: 6_PE | CX111: 6_PU | CY111: 6_PC | CZ111: 6_KL | DA111: 6_KB | DB111: 6_KE | DC111: 6_KU | DD111: 6_KC | DE111: 7_WL | DF111: 7_WB | DG111: 7_WE | DH111: 7_WU | DI111: 7_WC | DJ111: 7_PL | DK111: 7_PB | DL111: 7_PE | DM111: 7_PU | DN111: 7_PC | DO111: 7_KL | DP111: 7_KB | DQ111: 7_KE | DR111: 7_KU | DS111: 7_KC | DT111: TOT_PH | DU111: TOT_PM
B112: 18Rte | C112: 4 | D112: Shelby | E112: OB | F112: 1 | G112: 36 | H112: 40 | I112: 40 | J112: 33 | K112: 4 | L112: 7.531683 | M112: 30.224302 | N112: 7.531683 | O112: 30.844026 | P112: 7.531683 | Q112: 35.007524 | R112: 7.531683 | S112: 29.500701 | T112: 21926.77 | U112: 0 | V112: 0 | W112: 2.192 | X112: 0 | Y112: 0 | Z112: 0 | AA112: 0 | AB112: 0 | AC112: 0 | AD112: 0 | AE112: 0 | AF112: 0 | AG112: 64.29 | AH112: 0 | AI112: 0 | AJ112: 0 | AK112: 0 | AL112: 0 | AM112: 0 | AN112: 0 | AO112: 0 | AP112: 0 | AQ112: 0 | AR112: 0 | AS112: 0 | AT112: 0 | AU112: 70.04 | AV112: 1 | AW112: 0 | AX112: 8.116 | AY112: 0 | AZ112: 0 | BA112: 0 | BB112: 0 | BC112: 0 | BD112: 0 | BE112: 0 | BF112: 0 | BG112: 0 | BH112: 46.99 | BI112: 0 | BJ112: 0 | BK112: 0 | BL112: 0 | BM112: 0 | BN112: 0 | BO112: 0 | BP112: 0 | BQ112: 0 | BR112: 0 | BS112: 0 | BT112: 0 | BU112: 0 | BV112: 0 | BW112: 52 | BX112: 683
B113: 19Rte | C113: 52 | D113: NOLENSVILLE | E113: PIKE | F113: ( | G113: 1 | H113: 20 | I113: 30 | J113: 22 | K113: 25 | L113: 52 | M113: 10.03621 | N113: 51.768583 | O113: 10.03621 | P113: 43.725587 | Q113: 10.03621 | R113: 60.832726 | S113: 10.03621 | T113: 39.229595 | U113: 916176.30.2090.725 | V113: 05.12911.89 | W113: 0 | X113: 0 | Y113: 0 | Z113: 0 | AA113: 0 | AB113: 0 | AC113: 0 | AD113: 0 | AE113: 0271.00.4330.320 | AF113: 0 | AG113: 5.963 | AH113: 0.162 | AI113: 0 | AJ113: 0 | AK113: 0 | AL113: 0 | AM113: 0 | AN113: 0 | AO113: 0291.30.1270.750 | AP113: 8.094 | AQ113: 0 | AR113: 0 | AS113: 0 | AT113: 0 | AU113: 0 | AV113: 0 | AW113: 0 | AX113: 0 | AY113: 0 | AZ113: 141.5 | BA113: 1.479 | BB113: 0 | BC113: 0 | BD113: 0 | BE113: 0 | BF113: 0 | BG113: 0 | BH113: 0 | BI113: 0 | BJ113: 0 | BK113: 0 | BL113: 0 | BM113: 0 | BN113: 168 | BO113: 2026
B114: 20Rte | C114: 22 | D114: Bordeaux | E114: (Panaroma | F114: 1 | G114: 60 | H114: 45 | I114: 48 | J114: 33 | K114: 22 | L114: 5.362009 | M114: 20.478025 | N114: 5.362009 | O114: 20.863505 | P114: 5.362009 | Q114: 23.624319 | R114: 5.362009 | S114: 19.834298 | T114: 50017.12 | U114: 0 | V114: 0 | W114: 3.342 | X114: 0 | Y114: 0 | Z114: 0 | AA114: 0 | AB114: 0 | AC114: 0 | AD114: 0 | AE114: 0 | AF114: 0 | AG114: 0149.40.2580.327 | AH114: 0 | AI114: 0.166 | AJ114: 0 | AK114: 0 | AL114: 0 | AM114: 0 | AN114: 0 | AO114: 0 | AP114: 0 | AQ114: 0 | AR114: 0148.90.307 | AS114: 0 | AT114: 019.4511.44 | AU114: 0 | AV114: 0 | AW114: 0 | AX114: 0 | AY114: 0 | AZ114: 0 | BA114: 0 | BB114: 0 | BC114: 147.4 | BD114: 0 | BE114: 0 | BF114: 0 | BG114: 1.576 | BH114: 0 | BI114: 0 | BJ114: 0 | BK114: 0 | BL114: 0 | BM114: 0 | BN114: 0 | BO114: 0 | BP114: 0 | BQ114: 63 | BR114: 909
B115: 21Rte | C115: 28 | D115: Meridian | E115: IB | F115: 1 | G115: 36 | H115: 60 | I115: 34 | J115: 60 | K115: 28 | L115: 5.072392 | M115: 24.907197 | N115: 5.072392 | O115: 20.918068 | P115: 5.072392 | Q115: 21.034036 | R115: 5.072392 | S115: 20.06634 | T115: 40 | U115: 21 | V115: 0 | W115: 0 | X115: 0 | Y115: 0 | Z115: 0 | AA115: 0 | AB115: 0 | AC115: 0 | AD115: 0 | AE115: 0 | AF115: 0 | AG115: 0 | AH115: 0 | AI115: 0 | AJ115: 0 | AK115: 0 | AL115: 0 | AM115: 0 | AN115: 0 | AO115: 0 | AP115: 0 | AQ115: 0 | AR115: 0 | AS115: 0 | AT115: 0 | AU115: 0 | AV115: 0 | AW115: 0 | AX115: 16.5 | AY115: 0 | AZ115: 0 | BA115: 0 | BB115: 0 | BC115: 2 | BD115: 0 | BE115: 0 | BF115: 0 | BG115: 0 | BH115: 0 | BI115: 0 | BJ115: 0 | BK115: 0 | BL115: 0 | BM115: 0 | BN115: 0 | BO115: 0 | BP115: 0 | BQ115: 0 | BR115: 0 | BS115: 0 | BT115: 0 | BU115: 0 | BV115: 0 | BW115: 0 | BX115: 0 | BY115: 0 | BZ115: 0 | CA115: 0 | CB115: 12 | CC115: 145
B116: 22Rte | C116: 75 | D116: Midtown | E116: CW | F116: Loop | G116: 1 | H116: 45 | I116: 45 | J116: 48 | K116: 75 | L116: 6.800749 | M116: 32.137558 | N116: 6.800749 | O116: 28.905623 | P116: 6.800749 | Q116: 33.289719 | R116: 0 | S116: 0 | T116: 5819.97 | U116: 0 | V116: 0 | W116: 0.441 | X116: 0 | Y116: 0 | Z116: 0 | AA116: 0 | AB116: 0 | AC116: 0 | AD116: 0 | AE116: 0 | AF116: 0 | AG116: 18.47 | AH116: 0 | AI116: 0 | AJ116: 0 | AK116: 0 | AL116: 0 | AM116: 0 | AN116: 0 | AO116: 0 | AP116: 0 | AQ116: 0 | AR116: 0 | AS116: 0 | AT116: 0 | AU116: 18.32 | AV116: 0 | AW116: 0 | AX116: 00.3330.111 | AY116: 0 | AZ116: 0 | BA116: 0 | BB116: 0 | BC116: 0 | BD116: 0 | BE116: 0 | BF116: 0 | BG116: 0 | BH116: 0 | BI116: 0 | BJ116: 0 | BK116: 0 | BL116: 0 | BM116: 0 | BN116: 0 | BO116: 0 | BP116: 0 | BQ116: 0 | BR116: 0 | BS116: 0 | BT116: 0 | BU116: 0 | BV116: 0 | BW116: 7 | BX116: 87 | BY116: 3 | BZ116: 66
B117: 23Rte | C117: 75 | D117: Midtown | E117: CCW | F117: Loop | G117: 1 | H117: 45 | I117: 45 | J117: 48 | K117: 75 | L117: 6.784261 | M117: 36.188144 | N117: 6.784261 | O117: 30.795823 | P117: 6.784261 | Q117: 35.272775 | R117: 0 | S117: 0 | T117: 8936.98 | U117: 0 | V117: 0 | W117: 0 | X117: 0 | Y117: 0 | Z117: 0 | AA117: 0 | AB117: 0 | AC117: 0 | AD117: 0 | AE117: 0 | AF117: 0 | AG117: 0 | AH117: 33.9 | AI117: 0 | AJ117: 0 | AK117: 0 | AL117: 0 | AM117: 0 | AN117: 0 | AO117: 0 | AP117: 0 | AQ117: 0 | AR117: 0 | AS117: 0 | AT117: 0 | AU117: 0 | AV117: 17.79 | AW117: 0 | AX117: 0 | AY117: 0 | AZ117: 0.416 | BA117: 0 | BB117: 0 | BC117: 0 | BD117: 0 | BE117: 0 | BF117: 0 | BG117: 0 | BH117: 0 | BI117: 0 | BJ117: 0 | BK117: 0 | BL117: 0 | BM117: 0 | BN117: 0 | BO117: 0 | BP117: 0 | BQ117: 0 | BR117: 0 | BS117: 0 | BT117: 0 | BU117: 0 | BV117: 0 | BW117: 0 | BX117: 0 | BY117: 19 | BZ117: 216
B118: 24Rte | C118: 42 | D118: St. | E118: Cecilia/Cumber | F118: 1 | G118: 36 | H118: 60 | I118: 30 | J118: 50 | K118: 42 | L118: 4.89816 | M118: 21.296079 | N118: 4.89816 | O118: 19.731706 | P118: 4.89816 | Q118: 20.308229 | R118: 4.89816 | S118: 18.389776 | T118: 319115.2 | U118: 0 | V118: 0 | W118: 0 | X118: 0 | Y118: 0 | Z118: 0 | AA118: 0 | AB118: 0 | AC118: 0 | AD118: 0 | AE118: 0 | AF118: 0 | AG118: 0 | AH118: 59.96 | AI118: 0 | AJ118: 0 | AK118: 0 | AL118: 0 | AM118: 0 | AN118: 0 | AO118: 0 | AP118: 0 | AQ118: 0 | AR118: 0 | AS118: 0 | AT118: 0 | AU118: 0 | AV118: 95.24 | AW118: 0 | AX118: 0 | AY118: 0 | AZ118: 0 | BA118: 0 | BB118: 0 | BC118: 0 | BD118: 0 | BE118: 0 | BF118: 0 | BG118: 0 | BH118: 0 | BI118: 0 | BJ118: 48.34 | BK118: 0 | BL118: 0 | BM118: 0 | BN118: 0 | BO118: 0 | BP118: 0 | BQ118: 0 | BR118: 0 | BS118: 0 | BT118: 0 | BU118: 0 | BV118: 0 | BW118: 0 | BX118: 0 | BY118: 45 | BZ118: 597
B119: 25Rte | C119: 42 | D119: St. | E119: Cecilia/Cumber | F119: 1 | G119: 45 | H119: 51 | I119: 34 | J119: 50 | K119: 42 | L119: 4.504059 | M119: 18.193928 | N119: 4.504059 | O119: 18.400757 | P119: 4.504059 | Q119: 19.397489 | R119: 4.504059 | S119: 17.326113 | T119: 39721.540.088 | U119: 0 | V119: 03.0440.333 | W119: 0 | X119: 0 | Y119: 0 | Z119: 0 | AA119: 0 | AB119: 0 | AC119: 0 | AD119: 0 | AE119: 093.710.2250.286 | AF119: 0 | AG119: 0.145 | AH119: 0 | AI119: 0 | AJ119: 0 | AK119: 0 | AL119: 0 | AM119: 0 | AN119: 0 | AO119: 0 | AP119: 0186.60.430 | AQ119: 0 | AR119: 020.331.250 | AS119: 0 | AT119: 0 | AU119: 0 | AV119: 0 | AW119: 0 | AX119: 0 | AY119: 0 | AZ119: 0 | BA119: 68.48 | BB119: 0 | BC119: 0 | BD119: 0 | BE119: 0 | BF119: 0 | BG119: 0 | BH119: 0 | BI119: 0 | BJ119: 0 | BK119: 0 | BL119: 0 | BM119: 0 | BN119: 0 | BO119: 0 | BP119: 45 | BQ119: 648 | BR119: 0 | BS119: 0 | BT119: 0 | BU119: 0 | BV119: 0 | BW119: 0 | BX119: 0 | BY119: 0 | BZ119: 0 | CA119: 0
B120: 28Rte | C120: 14 | D120: WHITES | E120: CREEK | F120: oB | G120: 1 | H120: 36 | I120: 51 | J120: 34 | K120: 60 | L120: 14 | M120: 7.401511 | N120: 28.613367 | O120: 7.401511 | P120: 28.82178 | Q120: 7.401511 | R120: 32.816109 | S120: 7.401511 | T120: 27.815793 | U120: 17716.93 | V120: 0 | W120: 0 | X120: 01.8750.035 | Y120: 0 | Z120: 0 | AA120: 0 | AB120: 0 | AC120: 0 | AD120: 0 | AE120: 0 | AF120: 0 | AG120: 37.69 | AH120: 1 | AI120: 0 | AJ120: 0 | AK120: 0 | AL120: 0 | AM120: 0 | AN120: 0 | AO120: 0 | AP120: 0 | AQ120: 0 | AR120: 0 | AS120: 0 | AT120: 0 | AU120: 80.15 | AV120: 0 | AW120: 0 | AX120: 17.69 | AY120: 0 | AZ120: 0 | BA120: 0 | BB120: 0 | BC120: 0 | BD120: 0 | BE120: 0 | BF120: 0 | BG120: 0 | BH120: 21.11 | BI120: 0 | BJ120: 0 | BK120: 0 | BL120: 0 | BM120: 0 | BN120: 0 | BO120: 0 | BP120: 0 | BQ120: 0 | BR120: 0 | BS120: 0 | BT120: 0 | BU120: 0 | BV120: 0 | BW120: 45 | BX120: 621 | BY120: 0 | BZ120: 0 | CA120: 0
B121: 29Rte | C121: 14 | D121: WHITES | E121: CREEK | F121: iB | G121: 1 | H121: 36 | I121: 60 | J121: 34 | K121: 75 | L121: 14 | M121: 6.881154 | N121: 32.460857 | O121: 6.881154 | P121: 26.572151 | Q121: 6.881154 | R121: 26.908587 | S121: 6.881154 | T121: 24.713109 | U121: 15177.34 | V121: 0 | W121: 0 | X121: 0 | Y121: 0 | Z121: 0 | AA121: 0 | AB121: 0 | AC121: 0 | AD121: 0 | AE121: 0 | AF121: 0 | AG121: 0 | AH121: 0 | AI121: 24.78 | AJ121: 0 | AK121: 0 | AL121: 0 | AM121: 0 | AN121: 0 | AO121: 0 | AP121: 0 | AQ121: 0 | AR121: 0 | AS121: 0 | AT121: 0 | AU121: 0 | AV121: 0 | AW121: 40.11 | AX121: 0 | AY121: 0 | AZ121: 0 | BA121: 0 | BB121: 0 | BC121: 0 | BD121: 0 | BE121: 0 | BF121: 0 | BG121: 0 | BH121: 0 | BI121: 0 | BJ121: 0 | BK121: 8.683 | BL121: 0 | BM121: 0 | BN121: 0 | BO121: 0 | BP121: 0 | BQ121: 0 | BR121: 0 | BS121: 0 | BT121: 0 | BU121: 0 | BV121: 0 | BW121: 0 | BX121: 0 | BY121: 0 | BZ121: 40 | CA121: 467
B122: 30Rte | C122: 9 | D122: MetroCenter | E122: OB | F122: 1 | G122: 23 | H122: 24 | I122: 40 | J122: 9 | K122: 8.529693 | L122: 38.023516 | M122: 8.529693 | N122: 35.373014 | O122: 8.529693 | P122: 37.601601 | Q122: 0 | R122: 0 | S122: 585147 | T122: 0.5 | U122: 04.3493.000 | V122: 0 | W122: 0 | X122: 0 | Y122: 0 | Z122: 0 | AA122: 0 | AB122: 0 | AC122: 0 | AD122: 242.1 | AE122: 0 | AF122: 0 | AG122: 0 | AH122: 1.312 | AI122: 0 | AJ122: 0 | AK122: 0 | AL122: 0 | AM122: 0 | AN122: 0 | AO122: 0 | AP122: 0 | AQ122: 160.6 | AR122: 0 | AS122: 0 | AT122: 024.441.833 | AU122: 0 | AV122: 0 | AW122: 0 | AX122: 0 | AY122: 0 | AZ122: 0 | BA122: 0 | BB122: 0 | BC122: 0 | BD122: 0 | BE122: 0 | BF122: 0 | BG122: 0 | BH122: 0 | BI122: 0 | BJ122: 0 | BK122: 0 | BL122: 0 | BM122: 0 | BN122: 0 | BO122: 0 | BP122: 0 | BQ122: 0 | BR122: 0 | BS122: 109 | BT122: 1480
B123: 31Rte | C123: 64 | D123: STAR | E123: DOWNTOWN | F123: SHUT | G123: 11 | H123: 60 | I123: 48 | J123: 64 | K123: 2.477752 | L123: 10.45613 | M123: 0 | N123: 0 | O123: 2.477752 | P123: 10.741383 | Q123: 0 | R123: 0 | S123: 547 | T123: 0 | U123: 0 | V123: 0 | W123: 128.2 | X123: 0 | Y123: 0 | Z123: 0 | AA123: 0 | AB123: 0 | AC123: 0 | AD123: 0 | AE123: 0 | AF123: 0 | AG123: 0 | AH123: 0 | AI123: 0 | AJ123: 0 | AK123: 0 | AL123: 0 | AM123: 0 | AN123: 0 | AO123: 0 | AP123: 0 | AQ123: 0 | AR123: 0 | AS123: 0 | AT123: 0 | AU123: 0 | AV123: 0 | AW123: 0 | AX123: 0 | AY123: 0 | AZ123: 417.6 | BA123: 0 | BB123: 0 | BC123: 0 | BD123: 0.666 | BE123: 0 | BF123: 0 | BG123: 0 | BH123: 0 | BI123: 0 | BJ123: 0 | BK123: 0 | BL123: 0 | BM123: 0 | BN123: 0 | BO123: 0 | BP123: 0 | BQ123: 0 | BR123: 0 | BS123: 0 | BT123: 0 | BU123: 0 | BV123: 0 | BW123: 0 | BX123: 0 | BY123: 32 | BZ123: 388
B124: 32Rte | C124: 8 | D124: 8TH | E124: AVENUE | F124: SOUTH | G124: iB | H124: 1 | I124: 23 | J124: 28 | K124: 34 | L124: 43 | M124: 8 | N124: 5.772245 | O124: 29.307997 | P124: 5.772245 | Q124: 24.396349 | R124: 5.772245 | S124: 27.432994 | T124: 5.772245 | U124: 21.589582 | V124: 439135.1 | W124: 0 | X124: 0 | Y124: 03.95020.36 | Z124: 0 | AA124: 0 | AB124: 1.727 | AC124: 0 | AD124: 0 | AE124: 0 | AF124: 0 | AG124: 144.1 | AH124: 0 | AI124: 0 | AJ124: 0 | AK124: 9.55 | AL124: 0 | AM124: 0 | AN124: 0 | AO124: 0 | AP124: 0 | AQ124: 0 | AR124: 0 | AS124: 0 | AT124: 83.04 | AU124: 0 | AV124: 0 | AW124: 08.5778.221 | AX124: 0 | AY124: 0 | AZ124: 0 | BA124: 0 | BB124: 0 | BC124: 0 | BD124: 0 | BE124: 0 | BF124: 24.78 | BG124: 0 | BH124: 0 | BI124: 0 | BJ124: 0 | BK124: 0 | BL124: 0 | BM124: 0 | BN124: 0 | BO124: 0 | BP124: 0 | BQ124: 0 | BR124: 0 | BS124: 0 | BT124: 0 | BU124: 76 | BV124: 912
B125: 33Rte | C125: 8 | D125: 8TH | E125: AVENUE | F125: SOUTH | G125: oB | H125: 1 | I125: 26 | J125: 26 | K125: 30 | L125: 50 | M125: 8 | N125: 5.489907 | O125: 25.74412 | P125: 5.489907 | Q125: 22.655275 | R125: 5.489907 | S125: 27.780402 | T125: 5.489907 | U125: 20.29965 | V125: 40054.18 | W125: 0 | X125: 0 | Y125: 04.0006.702 | Z125: 0 | AA125: 0 | AB125: 0 | AC125: 0 | AD125: 0 | AE125: 0 | AF125: 0 | AG125: 0 | AH125: 154 | AI125: 0.36 | AJ125: 0 | AK125: 0.661 | AL125: 0 | AM125: 0 | AN125: 0 | AO125: 0 | AP125: 0 | AQ125: 0 | AR125: 0 | AS125: 0 | AT125: 105 | AU125: 0 | AV125: 0 | AW125: 021.9112.28 | AX125: 0 | AY125: 0 | AZ125: 0.533 | BA125: 0 | BB125: 0 | BC125: 0 | BD125: 0 | BE125: 39.85 | BF125: 0 | BG125: 0 | BH125: 0 | BI125: 0.662 | BJ125: 0 | BK125: 0 | BL125: 0 | BM125: 0 | BN125: 0 | BO125: 0 | BP125: 0 | BQ125: 0 | BR125: 0 | BS125: 70 | BT125: 888
B126: 34Rte | C126: 3 | D126: West | E126: End | F126: (White | G126: Bri | H126: 1 | I126: 23 | J126: 30 | K126: 24 | L126: 25 | M126: 3 | N126: 7.087023 | O126: 38.695317 | P126: 7.087023 | Q126: 31.708958 | R126: 7.087023 | S126: 35.351616 | T126: 7.087023 | U126: 27.658256 | V126: 2155336 | W126: 0.829 | X126: 02.3600.145 | Y126: 0 | Z126: 0 | AA126: 0 | AB126: 0 | AC126: 0 | AD126: 0 | AE126: 0 | AF126: 0 | AG126: 0570.30.4801.920 | AH126: 0 | AI126: 0 | AJ126: 0 | AK126: 0 | AL126: 0 | AM126: 0 | AN126: 0 | AO126: 0 | AP126: 0 | AQ126: 0 | AR126: 0 | AS126: 0952.21.5782.105 | AT126: 021.2810.88 | AU126: 0 | AV126: 0 | AW126: 1.052 | AX126: 0 | AY126: 0 | AZ126: 0 | BA126: 0 | BB126: 250.6 | BC126: 0.568 | BD126: 0 | BE126: 2.126 | BF126: 0 | BG126: 0 | BH126: 0 | BI126: 0 | BJ126: 0 | BK126: 0 | BL126: 0 | BM126: 0 | BN126: 0 | BO126: 414 | BP126: 4472 | BQ126: 0 | BR126: 0 | BS126: 0 | BT126: 0 | BU126: 0 | BV126: 0 | BW126: 0 | BX126: 0 | BY126: 0 | BZ126: 0 | CA126: 0 | CB126: 0 | CC126: 0 | CD126: 0
B127: 35Rte | C127: 3 | D127: West | E127: End | F127: (Bellevue) | G127: 1 | H127: 26 | I127: 28 | J127: 27 | K127: 33 | L127: 3 | M127: 13.55785 | N127: 71.54949 | O127: 13.55785 | P127: 55.644584 | Q127: 13.55785 | R127: 59.713096 | S127: 13.55785 | T127: 50.312457 | U127: 2010334.2 | V127: 0.725 | W127: 03.0653.127 | X127: 0 | Y127: 0 | Z127: 0 | AA127: 0 | AB127: 0 | AC127: 0 | AD127: 0 | AE127: 0 | AF127: 0614.00.5202.080 | AG127: 0 | AH127: 0 | AI127: 0 | AJ127: 0 | AK127: 0 | AL127: 0 | AM127: 0 | AN127: 0 | AO127: 0 | AP127: 0 | AQ127: 0 | AR127: 0830.51.4211.894 | AS127: 016.8310.10 | AT127: 0 | AU127: 0 | AV127: 0.947 | AW127: 0 | AX127: 0 | AY127: 0 | AZ127: 0 | BA127: 188.7 | BB127: 0.431 | BC127: 0 | BD127: 1.61 | BE127: 0 | BF127: 0 | BG127: 0 | BH127: 0 | BI127: 0 | BJ127: 0 | BK127: 0 | BL127: 0 | BM127: 0 | BN127: 460 | BO127: 5053 | BP127: 0 | BQ127: 0 | BR127: 0 | BS127: 0 | BT127: 0 | BU127: 0 | BV127: 0 | BW127: 0 | BX127: 0 | BY127: 0 | BZ127: 0 | CA127: 0 | CB127: 0 | CC127: 0 | CD127: 0
B128: 36Rte | C128: 93 | D128: MCS | E128: West | F128: End | G128: Shutt | H128: 11 | I128: 60 | J128: 120 | K128: 93 | L128: 5.950968 | M128: 30.799204 | N128: 0 | O128: 0 | P128: 5.950968 | Q128: 31.487113 | R128: 0 | S128: 0 | T128: 644 | U128: 0 | V128: 0 | W128: 0 | X128: 138.8 | Y128: 0 | Z128: 0 | AA128: 0 | AB128: 0 | AC128: 0 | AD128: 0 | AE128: 0 | AF128: 0 | AG128: 0 | AH128: 0 | AI128: 0 | AJ128: 0 | AK128: 0 | AL128: 0 | AM128: 0 | AN128: 0 | AO128: 0 | AP128: 0 | AQ128: 0 | AR128: 0 | AS128: 0 | AT128: 0 | AU128: 0 | AV128: 0 | AW128: 0 | AX128: 0 | AY128: 0 | AZ128: 0 | BA128: 504.3 | BB128: 0 | BC128: 0 | BD128: 0 | BE128: 0.333 | BF128: 0 | BG128: 0 | BH128: 0 | BI128: 0 | BJ128: 0 | BK128: 0 | BL128: 0 | BM128: 0 | BN128: 0 | BO128: 0 | BP128: 0 | BQ128: 0 | BR128: 0 | BS128: 0 | BT128: 0 | BU128: 0 | BV128: 0 | BW128: 0 | BX128: 0 | BY128: 0 | BZ128: 95 | CA128: 1029 | CB128: 0 | CC128: 0
B129: 37Rte | C129: 7 | D129: Hillsboro | E129: IB | F129: 1 | G129: 15 | H129: 14 | I129: 18 | J129: 21 | K129: 7 | L129: 5.535606 | M129: 29.539927 | N129: 5.535606 | O129: 27.210648 | P129: 5.535606 | Q129: 30.142356 | R129: 5.535606 | S129: 23.660247 | T129: 1248310.2 | U129: 2.444 | V129: 3.74 | W129: 0 | X129: 0 | Y129: 0 | Z129: 0 | AA129: 0 | AB129: 0 | AC129: 0 | AD129: 0 | AE129: 0 | AF129: 501.9 | AG129: 0 | AH129: 0 | AI129: 0 | AJ129: 1.75 | AK129: 0 | AL129: 0 | AM129: 0 | AN129: 0 | AO129: 0 | AP129: 0 | AQ129: 0 | AR129: 0 | AS129: 278.2 | AT129: 0 | AU129: 0 | AV129: 023.6312.50 | AW129: 0 | AX129: 0 | AY129: 0 | AZ129: 0 | BA129: 0 | BB129: 0 | BC129: 0 | BD129: 0 | BE129: 111 | BF129: 0 | BG129: 0 | BH129: 0 | BI129: 2.052 | BJ129: 0 | BK129: 0 | BL129: 0 | BM129: 0 | BN129: 0 | BO129: 0 | BP129: 0 | BQ129: 0 | BR129: 0 | BS129: 212 | BT129: 2532 | BU129: 0 | BV129: 0 | BW129: 0 | BX129: 0 | BY129: 0 | BZ129: 0 | CA129: 0 | CB129: 0 | CC129: 0
B130: 38Rte | C130: 3 | D130: West | E130: End | F130: (Bellevue) | G130: 1 | H130: 23 | I130: 30 | J130: 20 | K130: 38 | L130: 3 | M130: 13.507072 | N130: 58.194697 | O130: 13.507072 | P130: 54.819189 | Q130: 13.507072 | R130: 67.321177 | S130: 13.507072 | T130: 50.973095 | U130: 2000597.116.500.892 | V130: 030.994.856 | W130: 0 | X130: 0 | Y130: 0.285 | Z130: 0 | AA130: 0 | AB130: 0 | AC130: 0 | AD130: 0538.63.6090.500 | AE130: 0 | AF130: 1.673 | AG130: 0.25 | AH130: 0 | AI130: 0 | AJ130: 0 | AK130: 0 | AL130: 0 | AM130: 0 | AN130: 0600.75.688 | AO130: 0 | AP130: 044.939.894 | AQ130: 0 | AR130: 0 | AS130: 0 | AT130: 0 | AU130: 0 | AV130: 0 | AW130: 0 | AX130: 0 | AY130: 142.3 | AZ130: 0.415 | BA130: 0 | BB130: 0.817 | BC130: 0 | BD130: 0 | BE130: 0 | BF130: 0 | BG130: 0 | BH130: 0 | BI130: 0 | BJ130: 0 | BK130: 0 | BL130: 448 | BM130: 5100 | BN130: 0 | BO130: 0 | BP130: 0 | BQ130: 0 | BR130: 0 | BS130: 0 | BT130: 0 | BU130: 0 | BV130: 0 | BW130: 0 | BX130: 0 | BY130: 0 | BZ130: 0 | CA130: 0 | CB130: 0 | CC130: 0 | CD130: 0
B131: 39Rte | C131: 7 | D131: Hillsboro | E131: OB | F131: 1 | G131: 15 | H131: 15 | I131: 16 | J131: 20 | K131: 7 | L131: 5.168108 | M131: 26.315608 | N131: 5.168108 | O131: 24.01215 | P131: 5.168108 | Q131: 27.68295 | R131: 5.168108 | S131: 21.268876 | T131: 1408218.40.6950.214 | U131: 09.8808.511 | V131: 0 | W131: 0 | X131: 1.155 | Y131: 0 | Z131: 0 | AA131: 0 | AB131: 0 | AC131: 0546.11.422 | AD131: 0 | AE131: 0 | AF131: 4.179 | AG131: 0.5 | AH131: 0 | AI131: 0 | AJ131: 0 | AK131: 0 | AL131: 0 | AM131: 0 | AN131: 0398.91.328 | AO131: 0 | AP131: 033.151.406 | AQ131: 0 | AR131: 0 | AS131: 0 | AT131: 0 | AU131: 0 | AV131: 0 | AW131: 0 | AX131: 0 | AY131: 182 | AZ131: 0 | BA131: 0 | BB131: 0 | BC131: 0 | BD131: 0 | BE131: 0 | BF131: 0 | BG131: 0 | BH131: 0 | BI131: 0 | BJ131: 0 | BK131: 0 | BL131: 0 | BM131: 0 | BN131: 202 | BO131: 2461 | BP131: 0 | BQ131: 0 | BR131: 0 | BS131: 0 | BT131: 0 | BU131: 0 | BV131: 0 | BW131: 0 | BX131: 0 | BY131: 0 | BZ131: 0 | CA131: 0 | CB131: 0 | CC131: 0
B132: 40Rte | C132: 50 | D132: CHARLOTTE | E132: PIKE | F132: oB | G132: 1 | H132: 16 | I132: 15 | J132: 15 | K132: 20 | L132: 50 | M132: 8.58959 | N132: 37.398362 | O132: 8.58959 | P132: 36.287498 | Q132: 8.58959 | R132: 43.06965 | S132: 8.58959 | T132: 32.836041 | U132: 1427171.64.565 | V132: 0 | W132: 010.112.439 | X132: 0 | Y132: 0 | Z132: 0 | AA132: 0 | AB132: 0 | AC132: 0 | AD132: 0 | AE132: 0 | AF132: 0505.12.884 | AG132: 0 | AH132: 0 | AI132: 2.328 | AJ132: 0 | AK132: 0 | AL132: 0 | AM132: 0 | AN132: 0 | AO132: 0 | AP132: 0 | AQ132: 0 | AR132: 0493.70.607 | AS132: 0 | AT132: 049.3411.81 | AU132: 0 | AV132: 0 | AW132: 0 | AX132: 0 | AY132: 0 | AZ132: 0 | BA132: 0 | BB132: 0 | BC132: 169 | BD132: 0 | BE132: 0 | BF132: 0 | BG132: 3.121 | BH132: 0 | BI132: 0 | BJ132: 0 | BK132: 0 | BL132: 0 | BM132: 0 | BN132: 0 | BO132: 0 | BP132: 0 | BQ132: 284 | BR132: 3540 | BS132: 0 | BT132: 0 | BU132: 0 | BV132: 0 | BW132: 0 | BX132: 0 | BY132: 0 | BZ132: 0 | CA132: 0 | CB132: 0 | CC132: 0 | CD132: 0
B133: 41Rte | C133: 50 | D133: CHARLOTTE | E133: PIKE | F133: iB | G133: 1 | H133: 15 | I133: 14 | J133: 18 | K133: 19 | L133: 50 | M133: 8.540555 | N133: 44.992346 | O133: 8.540555 | P133: 36.004845 | Q133: 8.540555 | R133: 38.148428 | S133: 8.540555 | T133: 32.149174 | U133: 1350415.6 | V133: 0 | W133: 0 | X133: 0 | Y133: 0 | Z133: 18 | AA133: 0 | AB133: 0 | AC133: 0 | AD133: 0 | AE133: 0 | AF133: 0 | AG133: 0 | AH133: 0 | AI133: 477 | AJ133: 1 | AK133: 0 | AL133: 0 | AM133: 0 | AN133: 9 | AO133: 0 | AP133: 0 | AQ133: 0 | AR133: 0 | AS133: 0 | AT133: 0 | AU133: 0 | AV133: 0 | AW133: 305 | AX133: 0 | AY133: 0 | AZ133: 0 | BA133: 16.49 | BB133: 0 | BC133: 0 | BD133: 0 | BE133: 0 | BF133: 0 | BG133: 0 | BH133: 0 | BI133: 0 | BJ133: 115.5 | BK133: 0 | BL133: 0 | BM133: 0 | BN133: 0.717 | BO133: 0 | BP133: 0 | BQ133: 0 | BR133: 0 | BS133: 0 | BT133: 0 | BU133: 0 | BV133: 0 | BW133: 0 | BX133: 288 | BY133: 3491 | BZ133: 0 | CA133: 0 | CB133: 0 | CC133: 0 | CD133: 0
B134: 42Rte | C134: 24 | D134: Bellevue | E134: Exp | F134: AM | G134: 6 | H134: 24 | I134: 0 | J134: 0 | K134: 0 | L134: 0 | M134: 0 | N134: 0 | O134: 0 | P134: 0 | Q134: 0 | R134: 0 | S134: 0 | T134: 0 | U134: 0 | V134: 0 | W134: 0 | X134: 0 | Y134: 0 | Z134: 0 | AA134: 0 | AB134: 0 | AC134: 0 | AD134: 0 | AE134: 0 | AF134: 0 | AG134: 0 | AH134: 0 | AI134: 0 | AJ134: 0 | AK134: 0 | AL134: 0 | AM134: 0 | AN134: 0 | AO134: 0 | AP134: 0 | AQ134: 0 | AR134: 0 | AS134: 0 | AT134: 0 | AU134: 0 | AV134: 0 | AW134: 0 | AX134: 0 | AY134: 0 | AZ134: 0 | BA134: 0 | BB134: 0 | BC134: 0 | BD134: 0 | BE134: 0 | BF134: 0 | BG134: 0 | BH134: 0 | BI134: 0 | BJ134: 0 | BK134: 0 | BL134: 0 | BM134: 0 | BN134: 0 | BO134: 0 | BP134: 0 | BQ134: 0 | BR134: 0 | BS134: 0 | BT134: 0 | BU134: 0 | BV134: 0 | BW134: 0 | BX134: 0 | BY134: 0 | BZ134: 0 | CA134: 0 | CB134: 0 | CC134: 0 | CD134: 0
B135: 43Rte | C135: 17 | D135: 12TH | E135: AVENUE | F135: SOUTH | G135: 1 | H135: 20 | I135: 28 | J135: 24 | K135: 50 | L135: 17 | M135: 6.439148 | N135: 30.11256 | O135: 6.439148 | P135: 27.097935 | Q135: 6.439148 | R135: 31.447035 | S135: 6.439148 | T135: 24.826551 | U135: 50287.82 | V135: 0 | W135: 0 | X135: 09.0140.486 | Y135: 0 | Z135: 0 | AA135: 0 | AB135: 0 | AC135: 0 | AD135: 0 | AE135: 0 | AF135: 0 | AG135: 0146.50.351 | AH135: 0 | AI135: 0 | AJ135: 0.659 | AK135: 0 | AL135: 0 | AM135: 0 | AN135: 0 | AO135: 0 | AP135: 0 | AQ135: 0 | AR135: 0 | AS135: 0145.50.270 | AT135: 0 | AU135: 62.9 | AV135: 0 | AW135: 0 | AX135: 0 | AY135: 0 | AZ135: 0 | BA135: 0 | BB135: 0 | BC135: 0 | BD135: 0 | BE135: 48.18 | BF135: 0 | BG135: 0 | BH135: 0 | BI135: 0 | BJ135: 0 | BK135: 0 | BL135: 0 | BM135: 0 | BN135: 0 | BO135: 0 | BP135: 0 | BQ135: 0 | BR135: 0 | BS135: 0 | BT135: 93 | BU135: 1235
B136: 44Rte | C136: 3 | D136: West | E136: End | F136: (White | G136: Bri | H136: 1 | I136: 23 | J136: 30 | K136: 24 | L136: 27 | M136: 3 | N136: 7.00218 | O136: 34.367746 | P136: 7.00218 | Q136: 30.91069 | R136: 7.00218 | S136: 37.374781 | T136: 7.00218 | U136: 27.597784 | V136: 1892604.116.080.892 | W136: 030.713.318 | X136: 0 | Y136: 0 | Z136: 0.285 | AA136: 0 | AB136: 0 | AC136: 0 | AD136: 0 | AE136: 0543.93.8330.500 | AF136: 0 | AG136: 2.925 | AH136: 0.25 | AI136: 0 | AJ136: 0 | AK136: 0 | AL136: 0 | AM136: 0 | AN136: 0 | AO136: 0455.34.354 | AP136: 0 | AQ136: 028.582.090 | AR136: 0 | AS136: 0 | AT136: 0 | AU136: 0 | AV136: 0 | AW136: 0 | AX136: 0 | AY136: 0 | AZ136: 194 | BA136: 0.584 | BB136: 0 | BC136: 0 | BD136: 0 | BE136: 0 | BF136: 0 | BG136: 0 | BH136: 0 | BI136: 0 | BJ136: 0 | BK136: 0 | BL136: 0 | BM136: 0 | BN136: 341 | BO136: 3765 | BP136: 0 | BQ136: 38 | BR136: 524
B137: 45Rte | C137: 41 | D137: Golden | E137: Valley | F137: OB | G137: P | H137: 1 | I137: 80 | J137: 41 | K137: 0 | L137: 0 | M137: 0 | N137: 0 | O137: 8.395772 | P137: 35.931547 | Q137: 0 | R137: 0 | S137: 2 | T137: 0 | U137: 0 | V137: 0 | W137: 0 | X137: 0 | Y137: 0 | Z137: 0 | AA137: 0 | AB137: 0 | AC137: 0 | AD137: 0 | AE137: 0 | AF137: 0 | AG137: 0 | AH137: 0 | AI137: 0 | AJ137: 0 | AK137: 0 | AL137: 0 | AM137: 0 | AN137: 0 | AO137: 0 | AP137: 0 | AQ137: 0 | AR137: 0 | AS137: 0 | AT137: 0 | AU137: 0 | AV137: 0 | AW137: 2.472 | AX137: 0 | AY137: 0 | AZ137: 0 | BA137: 0 | BB137: 0 | BC137: 0 | BD137: 0 | BE137: 0 | BF137: 0 | BG137: 0 | BH137: 0 | BI137: 0 | BJ137: 0 | BK137: 0 | BL137: 0 | BM137: 0 | BN137: 0 | BO137: 0 | BP137: 0 | BQ137: 0 | BR137: 0 | BS137: 0 | BT137: 0 | BU137: 0 | BV137: 0 | BW137: 0 | BX137: 0 | BY137: 0 | BZ137: 0 | CA137: 1 | CB137: 17
...

Sheet Obs_Ridership
A1: Model Rte txt+A36 | B1: Model Rte num | C1: Modelid | D1: Model Rte Name | E1: Ridership Oct 2023 | F1: Daily_20 | G1: Daily_22
A2: 3 | B2: 3 | C2: 35 | D2: Rte 3 West End (Bellevue) IB | E2: 55372 | F2: 2768.6 | G2: 2516.9091
A3: 4 | B3: 4 | C3: 17 | D3: Rte 4 Shelby IB | E3: 20703 | F3: 1035.15 | G3: 941.04545
A4: 6 | B4: 6 | C4: 74 | D4: Rte 6 Lebanon Rd IB | E4: 18000 | F4: 900 | G4: 818.18182
A5: 7 | B5: 7 | C5: 37 | D5: Rte 7 Hillsboro IB | E5: 40515 | F5: 2025.75 | G5: 1841.5909
A6: 8 | B6: 8 | C6: 32 | D6: Rte 8 8TH AVENUE SOUTH iB | E6: 20777 | F6: 1038.85 | G6: 944.40909
A7: 9 | B7: 9 | C7: 51 | D7: Rte 9 MetroCenter IB | E7: 7713 | F7: 385.65 | G7: 350.59091
A8: 14 | B8: 14 | C8: 29 | D8: Rte 14 WHITES CREEK iB | E8: 7352 | F8: 367.6 | G8: 334.18182
A9: 17 | B9: 17 | C9: 2 | D9: Rte 17 12TH AVENUE SOUTH iB | E9: 14035 | F9: 701.75 | G9: 637.95455
A10: 18 | B10: 18 | C10: 78 | D10: Rte 18 Airport Exp IB | E10: 14914 | F10: 745.7 | G10: 677.90909
A11: 19 | B11: 19 | C11: 49 | D11: Rte 19 Herman IB | E11: 21026 | F11: 1051.3 | G11: 955.72727
A12: 22 | B12: 22 | C12: 60 | D12: Rte 22 Bordeaux (Kings Ln) IB | E12: 33119 | F12: 1655.95 | G12: 1505.4091
A13: 23 | B13: 23 | C13: 15 | D13: Rte 23 Dickerson Pike IB | E13: 59191 | F13: 2959.55 | G13: 2690.5
... A35: 95 | B35: 95 | C35: 72 | D35: Rte 95 Spring Hill Exp IB | E35: 1136 | F35: 56.8 | G35: 51.636364
D36: Rover | E36: 9187 | F36: 459.35 | G36: 417.59091
D37: FTA | E37: 12084 | F37: 604.2 | G37: 549.27273
D38: Mule
D40: TOTAL | E40: 778330 | F40: 38916.5 | G40: 35378.636
F41: 38916.5 | G41: check monthly weekday/20
F42: =E40/20 -> 38916.5

Sheet BoardingByRoute_ABM
B1: Route | C1: Mode | D1: Route Name | F1: AM | G1: MD | H1: PM | I1: OP | | J1: T | K1: otal | M1: text | N1: Boarding
B2: =TrnStat.asc!B54 -> 3 | C2: =TrnStat.asc!C54 -> 1 | D2: =TrnStat.asc!D54 -> Rte | E2: =TrnStat.asc!E54 -> 3 | F2: =TrnStat.asc!F54 -> 1986 | G2: =TrnStat.asc!G54 -> 2285 | H2: =TrnStat.asc!H54 -> 3002 | I2: =TrnStat.asc!I54 -> 782 | ... K2: =TrnStat.asc!K54 -> 8057 | M2: =IF(ISNUMBER(K2),K2,CONCATENATE(LEFT(K2,2),RIGHT(K2,3))) -> 8057 | N2: =VALUE(M2) -> 8057
B3: =TrnStat.asc!B55 -> 4 | C3: =TrnStat.asc!C55 -> 1 | D3: =TrnStat.asc!D55 -> Rte | E3: =TrnStat.asc!E55 -> 4 | F3: =TrnStat.asc!F55 -> 50 | G3: =TrnStat.asc!G55 -> 78 | H3: =TrnStat.asc!H55 -> 88 | I3: =TrnStat.asc!I55 -> 84 | ... K3: =TrnStat.asc!K55 -> 299 | M3: =IF(ISNUMBER(K3),K3,CONCATENATE(LEFT(K3,2),RIGHT(K3,3))) -> 299 | N3: =VALUE(M3) -> 299
B4: =TrnStat.asc!B56 -> 6 | C4: =TrnStat.asc!C56 -> 1 | D4: =TrnStat.asc!D56 -> Rte | E4: =TrnStat.asc!E56 -> 6 | F4: =TrnStat.asc!F56 -> 155 | G4: =TrnStat.asc!G56 -> 109 | H4: =TrnStat.asc!H56 -> 286 | I4: =TrnStat.asc!I56 -> 72 | ... K4: =TrnStat.asc!K56 -> 622 | M4: =IF(ISNUMBER(K4),K4,CONCATENATE(LEFT(K4,2),RIGHT(K4,3))) -> 622 | N4: =VALUE(M4) -> 622
B5: =TrnStat.asc!B57 -> 7 | C5: =TrnStat.asc!C57 -> 1 | D5: =TrnStat.asc!D57 -> Rte | E5: =TrnStat.asc!E57 -> 7 | F5: =TrnStat.asc!F57 -> 555 | G5: =TrnStat.asc!G57 -> 1056 | H5: =TrnStat.asc!H57 -> 749 | I5: =TrnStat.asc!I57 -> 295 | ... K5: =TrnStat.asc!K57 -> 2656 | M5: =IF(ISNUMBER(K5),K5,CONCATENATE(LEFT(K5,2),RIGHT(K5,3))) -> 2656 | N5: =VALUE(M5) -> 2656
B6: =TrnStat.asc!B58 -> 8 | C6: =TrnStat.asc!C58 -> 1 | D6: =TrnStat.asc!D58 -> Rte | E6: =TrnStat.asc!E58 -> 8 | F6: =TrnStat.asc!F58 -> 226 | G6: =TrnStat.asc!G58 -> 309 | H6: =TrnStat.asc!H58 -> 240 | I6: =TrnStat.asc!I58 -> 65 | ... K6: =TrnStat.asc!K58 -> 839 | M6: =IF(ISNUMBER(K6),K6,CONCATENATE(LEFT(K6,2),RIGHT(K6,3))) -> 839 | N6: =VALUE(M6) -> 839
B7: =TrnStat.asc!B59 -> 9 | C7: =TrnStat.asc!C59 -> 1 | D7: =TrnStat.asc!D59 -> Rte | E7: =TrnStat.asc!E59 -> 9 | F7: =TrnStat.asc!F59 -> 259 | G7: =TrnStat.asc!G59 -> 336 | H7: =TrnStat.asc!H59 -> 239 | I7: =TrnStat.asc!I59 -> 0 | ... K7: =TrnStat.asc!K59 -> 834 | M7: =IF(ISNUMBER(K7),K7,CONCATENATE(LEFT(K7,2),RIGHT(K7,3))) -> 834 | N7: =VALUE(M7) -> 834
B8: =TrnStat.asc!B60 -> 14 | C8: =TrnStat.asc!C60 -> 1 | D8: =TrnStat.asc!D60 -> Rte | E8: =TrnStat.asc!E60 -> 14 | F8: =TrnStat.asc!F60 -> 96 | G8: =TrnStat.asc!G60 -> 63 | H8: =TrnStat.asc!H60 -> 138 | I8: =TrnStat.asc!I60 -> 30 | ... K8: =TrnStat.asc!K60 -> 328 | M8: =IF(ISNUMBER(K8),K8,CONCATENATE(LEFT(K8,2),RIGHT(K8,3))) -> 328 | N8: =VALUE(M8) -> 328
B9: =TrnStat.asc!B61 -> 17 | C9: =TrnStat.asc!C61 -> 1 | D9: =TrnStat.asc!D61 -> Rte | E9: =TrnStat.asc!E61 -> 17 | F9: =TrnStat.asc!F61 -> 230 | G9: =TrnStat.asc!G61 -> 277 | H9: =TrnStat.asc!H61 -> 322 | I9: =TrnStat.asc!I61 -> 56 | ... K9: =TrnStat.asc!K61 -> 886 | M9: =IF(ISNUMBER(K9),K9,CONCATENATE(LEFT(K9,2),RIGHT(K9,3))) -> 886 | N9: =VALUE(M9) -> 886
B10: =TrnStat.asc!B62 -> 18 | C10: =TrnStat.asc!C62 -> 6 | D10: =TrnStat.asc!D62 -> Rte | E10: =TrnStat.asc!E62 -> 18 | F10: =TrnStat.asc!F62 -> 66 | G10: =TrnStat.asc!G62 -> 172 | H10: =TrnStat.asc!H62 -> 72 | I10: =TrnStat.asc!I62 -> 46 | ... K10: =TrnStat.asc!K62 -> 358 | M10: =IF(ISNUMBER(K10),K10,CONCATENATE(LEFT(K10,2),RIGHT(K10,3))) -> 358 | N10: =VALUE(M10) -> 358
B11: =TrnStat.asc!B63 -> 19 | C11: =TrnStat.asc!C63 -> 1 | D11: =TrnStat.asc!D63 -> Rte | E11: =TrnStat.asc!E63 -> 19 | F11: =TrnStat.asc!F63 -> 232 | G11: =TrnStat.asc!G63 -> 294 | H11: =TrnStat.asc!H63 -> 425 | I11: =TrnStat.asc!I63 -> 101 | ... K11: =TrnStat.asc!K63 -> 1053 | M11: =IF(ISNUMBER(K11),K11,CONCATENATE(LEFT(K11,2),RIGHT(K11,3))) -> 1053 | N11: =VALUE(M11) -> 1053
B12: =TrnStat.asc!B64 -> 22 | C12: =TrnStat.asc!C64 -> 1 | D12: =TrnStat.asc!D64 -> Rte | E12: =TrnStat.asc!E64 -> 22 | F12: =TrnStat.asc!F64 -> 274 | G12: =TrnStat.asc!G64 -> 526 | H12: =TrnStat.asc!H64 -> 539 | I12: =TrnStat.asc!I64 -> 358 | ... K12: =TrnStat.asc!K64 -> 1697 | M12: =IF(ISNUMBER(K12),K12,CONCATENATE(LEFT(K12,2),RIGHT(K12,3))) -> 1697 | N12: =VALUE(M12) -> 1697
B13: =TrnStat.asc!B65 -> 23 | C13: =TrnStat.asc!C65 -> 1 | D13: =TrnStat.asc!D65 -> Rte | E13: =TrnStat.asc!E65 -> 23 | F13: =TrnStat.asc!F65 -> 382 | G13: =TrnStat.asc!G65 -> 566 | H13: =TrnStat.asc!H65 -> 520 | I13: =TrnStat.asc!I65 -> 182 | ... K13: =TrnStat.asc!K65 -> 1650 | M13: =IF(ISNUMBER(K13),K13,CONCATENATE(LEFT(K13,2),RIGHT(K13,3))) -> 1650 | N13: =VALUE(M13) -> 1650
... B34: =TrnStat.asc!B86 -> 95 | C34: =TrnStat.asc!C86 -> 6 | D34: =TrnStat.asc!D86 -> Rte | E34: =TrnStat.asc!E86 -> 95 | F34: =TrnStat.asc!F86 -> 5 | G34: =TrnStat.asc!G86 -> 0 | H34: =TrnStat.asc!H86 -> 4 | I34: =TrnStat.asc!I86 -> 0 | ... K34: =TrnStat.asc!K86 -> 11 | M34: =IF(ISNUMBER(K34),K34,CONCATENATE(LEFT(K34,2),RIGHT(K34,3))) -> 11 | N34: =VALUE(M34) -> 11

Sheet OBS_RteName
A1: Rte ID | B1: Route Name
A2: 3 | B2: Rte 3 West End (Bellevue) IB
A3: 4 | B3: Rte 4 Shelby IB
A4: 6 | B4: Rte 6 Lebanon Rd IB
A5: 7 | B5: Rte 7 Hillsboro IB
A6: 8 | B6: Rte 8 8TH AVENUE SOUTH iB
A7: 9 | B7: Rte 9 MetroCenter IB
A8: 14 | B8: Rte 14 WHITES CREEK iB
A9: 17 | B9: Rte 17 12TH AVENUE SOUTH iB
A10: 18 | B10: Rte 18 Airport Exp IB
A11: 19 | B11: Rte 19 Herman IB
A12: 22 | B12: Rte 22 Bordeaux (Kings Ln) IB
A13: 23 | B13: Rte 23 Dickerson Pike IB
... A35: 95 | B35: Rte 95 Spring Hill Exp IB

Sheet ABM_RteName
A1: Route Id | B1: Route Name (RAW) | C1: Route Name (Temp) | D1: Route Name | E1: Mode | F1: Track | I1: RouteNum | J1: Route_Name | K1: modes | L1: Mode | M1: Track
A2: 3 | B2: =VLOOKUP(A2,Obs_Ridership!$B:$D,3,FALSE) -> Rte 3 West End (Bellevue) IB | C2: =VLOOKUP(A2,$I:$L,2,FALSE) -> Rte 3 West End (White Bridge) IB | D2: =IF(ISNUMBER(SEARCH("IB",B2)),LEFT(B2,LEN(B2)-3),IF(ISNUMBER(SEARCH("OB",B2)),LEFT(B2,LEN(B2)-3),B2)) -> Rte 3 West End (Bellevue) | E2: =VLOOKUP($B2,$J:$L,3,FALSE) -> 1 | F2: =VLOOKUP($B2,$J:$M,4,FALSE) -> 54 | I2: 3 | J2: Rte 3 West End (White Bridge) IB | K2: 4 | L2: 1 | M2: 55
A3: 4 | B3: =VLOOKUP(A3,Obs_Ridership!$B:$D,3,FALSE) -> Rte 4 Shelby IB | C3: =VLOOKUP(A3,$I:$L,2,FALSE) -> Rte 4 Shelby IB | D3: =IF(ISNUMBER(SEARCH("IB",B3)),LEFT(B3,LEN(B3)-3),IF(ISNUMBER(SEARCH("OB",B3)),LEFT(B3,LEN(B3)-3),B3)) -> Rte 4 Shelby | E3: =VLOOKUP($B3,$J:$L,3,FALSE) -> 1 | F3: =VLOOKUP($B3,$J:$M,4,FALSE) -> 57 | I3: 3 | J3: Rte 3 West End (Bellevue) IB | K3: 4 | L3: 1 | M3: 54
A4: 6 | B4: =VLOOKUP(A4,Obs_Ridership!$B:$D,3,FALSE) -> Rte 6 Lebanon Rd IB | C4: =VLOOKUP(A4,$I:$L,2,FALSE) -> Rte 6 Lebanon Rd OB | D4: =IF(ISNUMBER(SEARCH("IB",B4)),LEFT(B4,LEN(B4)-3),IF(ISNUMBER(SEARCH("OB",B4)),LEFT(B4,LEN(B4)-3),B4)) -> Rte 6 Lebanon Rd | E4: =VLOOKUP($B4,$J:$L,3,FALSE) -> 1 | F4: =VLOOKUP($B4,$J:$M,4,FALSE) -> 67 | I4: 3 | J4: Rte 3 West End (Bellevue) oB | K4: 4 | L4: 1 | M4: 54
A5: 7 | B5: =VLOOKUP(A5,Obs_Ridership!$B:$D,3,FALSE) -> Rte 7 Hillsboro IB | C5: =VLOOKUP(A5,$I:$L,2,FALSE) -> Rte 7 Hillsboro IB | D5: =IF(ISNUMBER(SEARCH("IB",B5)),LEFT(B5,LEN(B5)-3),IF(ISNUMBER(SEARCH("OB",B5)),LEFT(B5,LEN(B5)-3),B5)) -> Rte 7 Hillsboro | E5: =VLOOKUP($B5,$J:$L,3,FALSE) -> 1 | F5: =VLOOKUP($B5,$J:$M,4,FALSE) -> 68 | I5: 3 | J5: Rte 3 West End (White Bridge) OB | K5: 4 | L5: 1 | M5: 55
A6: 8 | B6: =VLOOKUP(A6,Obs_Ridership!$B:$D,3,FALSE) -> Rte 8 8TH AVENUE SOUTH iB | C6: =VLOOKUP(A6,$I:$L,2,FALSE) -> Rte 8 8TH AVENUE SOUTH iB | D6: =IF(ISNUMBER(SEARCH("IB",B6)),LEFT(B6,LEN(B6)-3),IF(ISNUMBER(SEARCH("OB",B6)),LEFT(B6,LEN(B6)-3),B6)) -> Rte 8 8TH AVENUE SOUTH | E6: =VLOOKUP($B6,$J:$L,3,FALSE) -> 1 | F6: =VLOOKUP($B6,$J:$M,4,FALSE) -> 73 | I6: 4 | J6: Rte 4 Shelby IB | K6: 4 | L6: 1 | M6: 57
A7: 9 | B7: =VLOOKUP(A7,Obs_Ridership!$B:$D,3,FALSE) -> Rte 9 MetroCenter IB | C7: =VLOOKUP(A7,$I:$L,2,FALSE) -> Rte 9 MetroCenter OB | D7: =IF(ISNUMBER(SEARCH("IB",B7)),LEFT(B7,LEN(B7)-3),IF(ISNUMBER(SEARCH("OB",B7)),LEFT(B7,LEN(B7)-3),B7)) -> Rte 9 MetroCenter | E7: =VLOOKUP($B7,$J:$L,3,FALSE) -> 1 | F7: =VLOOKUP($B7,$J:$M,4,FALSE) -> 78 | I7: 4 | J7: Rte 4 Shelby OB | K7: 4 | L7: 1 | M7: 57
A8: 14 | B8: =VLOOKUP(A8,Obs_Ridership!$B:$D,3,FALSE) -> Rte 14 WHITES CREEK iB | C8: =VLOOKUP(A8,$I:$L,2,FALSE) -> Rte 14 WHITES CREEK oB | D8: =IF(ISNUMBER(SEARCH("IB",B8)),LEFT(B8,LEN(B8)-3),IF(ISNUMBER(SEARCH("OB",B8)),LEFT(B8,LEN(B8)-3),B8)) -> Rte 14 WHITES CREEK | E8: =VLOOKUP($B8,$J:$L,3,FALSE) -> 1 | F8: =VLOOKUP($B8,$J:$M,4,FALSE) -> 42 | I8: 6 | J8: Rte 6 Lebanon Rd OB | K8: 4 | L8: 1 | M8: 67
A9: 17 | B9: =VLOOKUP(A9,Obs_Ridership!$B:$D,3,FALSE) -> Rte 17 12TH AVENUE SOUTH iB | C9: =VLOOKUP(A9,$I:$L,2,FALSE) -> Rte 17 12TH AVENUE SOUTH iB | D9: =IF(ISNUMBER(SEARCH("IB",B9)),LEFT(B9,LEN(B9)-3),IF(ISNUMBER(SEARCH("OB",B9)),LEFT(B9,LEN(B9)-3),B9)) -> Rte 17 12TH AVENUE SOUTH | E9: =VLOOKUP($B9,$J:$L,3,FALSE) -> 1 | F9: =VLOOKUP($B9,$J:$M,4,FALSE) -> 43 | I9: 6 | J9: Rte 6 Lebanon Rd IB | K9: 4 | L9: 1 | M9: 67
A10: 18 | B10: =VLOOKUP(A10,Obs_Ridership!$B:$D,3,FALSE) -> Rte 18 Airport Exp IB | C10: =VLOOKUP(A10,$I:$L,2,FALSE) -> Rte 18 Airport Exp OB | D10: =IF(ISNUMBER(SEARCH("IB",B10)),LEFT(B10,LEN(B10)-3),IF(ISNUMBER(SEARCH("OB",B10)),LEFT(B10,LEN(B10)-3),B10)) -> Rte 18 Airport Exp | E10: =VLOOKUP($B10,$J:$L,3,FALSE) -> 6 | F10: =VLOOKUP($B10,$J:$M,4,FALSE) -> 44 | I10: 7 | J10: Rte 7 Hillsboro IB | K10: 4 | L10: 1 | M10: 68
A11: 19 | B11: =VLOOKUP(A11,Obs_Ridership!$B:$D,3,FALSE) -> Rte 19 Herman IB | C11: =VLOOKUP(A11,$I:$L,2,FALSE) -> Rte 19 Herman IB | D11: =IF(ISNUMBER(SEARCH("IB",B11)),LEFT(B11,LEN(B11)-3),IF(ISNUMBER(SEARCH("OB",B11)),LEFT(B11,LEN(B11)-3),B11)) -> Rte 19 Herman | E11: =VLOOKUP($B11,$J:$L,3,FALSE) -> 1 | F11: =VLOOKUP($B11,$J:$M,4,FALSE) -> 46 | I11: 7 | J11: Rte 7 Hillsboro OB | K11: 4 | L11: 1 | M11: 68
A12: 22 | B12: =VLOOKUP(A12,Obs_Ridership!$B:$D,3,FALSE) -> Rte 22 Bordeaux (Kings Ln) IB | C12: =VLOOKUP(A12,$I:$L,2,FALSE) -> Rte 22 Bordeaux (Panaroma) IB | D12: =IF(ISNUMBER(SEARCH("IB",B12)),LEFT(B12,LEN(B12)-3),IF(ISNUMBER(SEARCH("OB",B12)),LEFT(B12,LEN(B12)-3),B12)) -> Rte 22 Bordeaux (Kings Ln) | E12: =VLOOKUP($B12,$J:$L,3,FALSE) -> 1 | F12: =VLOOKUP($B12,$J:$M,4,FALSE) -> 47 | I12: 8 | J12: Rte 8 8TH AVENUE SOUTH iB | K12: 4 | L12: 1 | M12: 73
A13: 23 | B13: =VLOOKUP(A13,Obs_Ridership!$B:$D,3,FALSE) -> Rte 23 Dickerson Pike IB | C13: =VLOOKUP(A13,$I:$L,2,FALSE) -> Rte 23 Dickerson Pike OB | D13: =IF(ISNUMBER(SEARCH("IB",B13)),LEFT(B13,LEN(B13)-3),IF(ISNUMBER(SEARCH("OB",B13)),LEFT(B13,LEN(B13)-3),B13)) -> Rte 23 Dickerson Pike | E13: =VLOOKUP($B13,$J:$L,3,FALSE) -> 1 | F13: =VLOOKUP($B13,$J:$M,4,FALSE) -> 49 | I13: 8 | J13: Rte 8 8TH AVENUE SOUTH oB | K13: 4 | L13: 1 | M13: 73
... A35: 95 | B35: =VLOOKUP(A35,Obs_Ridership!$B:$D,3,FALSE) -> Rte 95 Spring Hill Exp IB | C35: =VLOOKUP(A35,$I:$L,2,FALSE) -> Rte 95 Spring Hill Exp OB | D35: =IF(ISNUMBER(SEARCH("IB",B35)),LEFT(B35,LEN(B35)-3),IF(ISNUMBER(SEARCH("OB",B35)),LEFT(B35,LEN(B35)-3),B35)) -> Rte 95 Spring Hill Exp | E35: =VLOOKUP($B35,$J:$L,3,FALSE) -> 6 | F35: =VLOOKUP($B35,$J:$M,4,FALSE) -> 81 | I35: 24 | J35: Rte 24 Bellevue Exp PM | K35: 5 | L35: 6 | M35: 51
I36: 28 | J36: Rte 28 Meridian IB | K36: 4 | L36: 1 | M36: 52
I37: 28 | J37: Rte 28 Meridian OB | K37: 4 | L37: 1 | M37: 52
I38: 29 | J38: Rte 29 Jefferson IB | K38: 4 | L38: 1 | M38: 53
I39: 29 | J39: Rte 29 Jefferson OB | K39: 4 | L39: 1 | M39: 53
I40: 34 | J40: Rte 34 Opry Mills IB | K40: 4 | L40: 1 | M40: 56
I41: 34 | J41: Rte 34 Opry Mills OB | K41: 4 | L41: 1 | M41: 56
I42: 41 | J42: Rte 41 Golden Valley OB PM | K42: 4 | L42: 1 | M42: 59
I43: 41 | J43: Rte 41 Golden Valley IB AM | K43: 4 | L43: 1 | M43: 58
I44: 41 | J44: Rte 41 Golden Valley IB PM | K44: 4 | L44: 1 | M44: 59
I45: 41 | J45: Rte 41 Golden Valley OB AM | K45: 4 | L45: 1 | M45: 58
I46: 42 | J46: Rte 42 St. Cecilia/Cumberland IB | K46: 4 | L46: 1 | M46: 60
I47: 42 | J47: Rte 42 St. Cecilia/Cumberland oB | K47: 4 | L47: 1 | M47: 60
... I96: 112 | J96: Rte 112 FTA Red Route NS | K96: 4 | L96: 3 | M96: 41
J97: MuleGreenWest | K97: 4 | L97: 2 | M97: 25
J98: MulePurpleEast | K98: 4 | L98: 2 | M98: 26
J99: MuleRedSouth | K99: 4 | L99: 2 | M99: 27
J100: MuleBlueSB | K100: 4 | L100: 2 | M100: 24
J101: Circ_Lebanon_W | K101: 4 | L101: 2 | M101: 18
J102: Circ_Lebanon_E | K102: 4 | L102: 2 | M102: 15
J103: Circ_Lebanon_N | K103: 4 | L103: 2 | M103: 16
J104: Circ_Lebanon_S | K104: 4 | L104: 2 | M104: 17
J105: Circ_MJ_E | K105: 4 | L105: 2 | M105: 19
J106: Circ_MJ_W | K106: 4 | L106: 2 | M106: 22
J107: Circ_MJ_S | K107: 4 | L107: 2 | M107: 21
J108: Circ_MJ_N | K108: 4 | L108: 2 | M108: 20
... J144: BRT_CU1_Corridor iB | K144: 7 | L144: 9 | M144: 3
