Workbook

Sheet BoardingByRoute_All
D1: BOARDINGS BY SUB-MODE
E2: OBS | G2: ABM | I2: DIFF | K2: Sub-mode Constant (DaySim) | N2: NOTE:
C3: Mode | D3: Transit sub-mode | E3: Count | F3: Percentage | G3: Count | H3: Percentage | I3: Count | J3: Percentage | K3: Utils | L3: Mins | N3: diff in by sub-mode in TrnStat.asc and this table is because of Rte 18 Airport Exp. There are two servies, one is Exp and one local. TrnStat.asc considers both as local. | AX3: Path Impedance
C4: 1 | D4: Local Bus | E4: =SUMIF($A$15:$A$48,1,E$15:E$49)+SUMIF($A$15:$A$48,2,E$15:E$49) | F4: =E4/E$8 | G4: =SUMIF($A$15:$A$48,1,G$15:G$48)+SUMIF($A$15:$A$48,2,G$15:G$48) | H4: =PrilimTable!F57 | I4: =G4-E4 | J4: =I4/E4 | K4: =PrilimTable!G57 | L4: =PrilimTable!H57 | AX4: PathImpedance_TransitLocalBusPathConstant = 0.05
C5: 6,7 | D5: Express Bus | E5: =SUMIF($A$15:$A$48,6,E$15:E$49)+SUMIF($A$15:$A$48,7,E$15:E$49) | F5: =E5/E$8 | G5: =SUMIF($A$15:$A$48,6,G$15:G$48)+SUMIF($A$15:$A$48,7,G$15:G$48) | H5: =PrilimTable!F58 | I5: =G5-E5 | J5: =I5/E5 | K5: =PrilimTable!G58 | L5: =PrilimTable!H58 | AX5: PathImpedance_TransitPremiumBusPathConstant = 0.12
C6: 8 | D6: BRT | E6: =SUMIF($A$15:$A$48,8,E$15:E$49) | F6: =E6/E$8 | G6: =SUMIF($A$15:$A$48,8,G$15:G$48) | H6: =PrilimTable!F59 | I6: =G6-E6 | J6: =I6/E6 | K6: =PrilimTable!G59 | L6: =PrilimTable!H59 | AX6: PathImpedance_TransitLightRailPathConstant = 0.0
C7: 11,12 | D7: Commuter Rail | E7: =SUMIF($A$15:$A$48,11,E$15:E$49)+SUMIF($A$15:$A$48,12,E$15:E$49) | F7: =E7/E$8 | G7: =SUMIF($A$15:$A$48,11,G$15:G$48)+SUMIF($A$15:$A$48,12,G$15:G$48) | H7: =PrilimTable!F60 | I7: =G7-E7 | J7: =I7/E7 | K7: =PrilimTable!G60 | L7: =PrilimTable!H60 | AX7: PathImpedance_TransitCommuterRailPathConstant = 1.15
D8: Total | E8: =SUM(E4:E7) | F8: =E8/E$8 | G8: =SUM(G4:G7) | H8: 1 | I8: =G8-E8 | J8: =I8/E8 | AX8: PathImpedance_TransitFerryPathConstant = 0.07
D9: Transit trips | E9: 25693 | G9: 23765 | AX9: PathImpedance_TransitUsePathTypeSpecificTime = true
D10: Boarding rate | E10: =E8/E9 | G10: =G8/G9 | K10: Transfer Rate | L10: =PrilimTable!E63
D11: R-Squared | E11: =RSQ(G15:G48,E15:E48) | AX11: PathImpedance_TransitPremiumBusTimeAdditiveWeight = -0.204
B12: BOARDINGS BY ROUTE | X12: BOARDINGS BY ROUTE (SORTED BY OBS BOARDINGS) | AX12: PathImpedance_TransitLightRailTimeAdditiveWeight = 0.0
E13: OBS | G13: ABM | I13: DIFF | AA13: OBS | AC13: =G13 | AE13: DIFF | AX13: PathImpedance_TransitCommuterRailTimeAdditiveWeight = -0.273
A14: Mode | B14: Rte Id (OBS) | C14: Rte Id (ABM) | D14: Rte Name | E14: Boardings | F14: Percentage | G14: Boardings | H14: Percentage | I14: Diff | J14: % Diff | X14: Rte Id (OBS) | Y14: Rte Id (ABM) | Z14: Rte Name | AA14: Boardings | AB14: Percentage | AC14: Boardings | AD14: Percentage | AE14: Diff | AF14: % Diff | AG14: Reference | AX14: PathImpedance_TransitFerryTimeAdditiveWeight = -0.318
A15: =VLOOKUP($C15,PrilimTable!$O:$U,7,FALSE) | B15: 3 | C15: =B15 | D15: =VLOOKUP($C15,PrilimTable!$O:$T,2,FALSE) | E15: =SUMIF(PrilimTable!$N$4:$N$82,B15,PrilimTable!$Q$4:$Q$82) | F15: =E15/$E$49 | G15: =SUMIF(PrilimTable!$O$4:$O$82,C15,PrilimTable!$S$4:$S$82) | H15: =G15/$G$49 | I15: =G15-E15 | J15: =I15/E15 | X15: 3 | Y15: 3 | Z15: =VLOOKUP(Y15,$C$14:$D$49,2,FALSE) | AA15: =SUMIF(PrilimTable!$N$4:$N$82,X15,PrilimTable!$Q$4:$Q$82) | AB15: =AA15/$E$49 | AC15: =SUMIF(PrilimTable!$O$4:$O$82,Y15,PrilimTable!$S$4:$S$82) | AD15: =AC15/$G$49 | AE15: =AC15-AA15 | AF15: =AE15/AA15 | AG15: 100
A16: =VLOOKUP($C16,PrilimTable!$O:$U,7,FALSE) | B16: 4 | C16: =B16 | D16: =VLOOKUP($C16,PrilimTable!$O:$T,2,FALSE) | E16: =SUMIF(PrilimTable!$N$4:$N$82,B16,PrilimTable!$Q$4:$Q$82) | F16: =E16/$E$49 | G16: =SUMIF(PrilimTable!$O$4:$O$82,C16,PrilimTable!$S$4:$S$82) | H16: =G16/$G$49 | I16: =G16-E16 | J16: =I16/E16 | X16: 4 | Y16: 4 | Z16: =VLOOKUP(Y16,$C$14:$D$49,2,FALSE) | AA16: =SUMIF(PrilimTable!$N$4:$N$82,X16,PrilimTable!$Q$4:$Q$82) | AB16: =AA16/$E$49 | AC16: =SUMIF(PrilimTable!$O$4:$O$82,Y16,PrilimTable!$S$4:$S$82) | AD16: =AC16/$G$49 | AE16: =AC16-AA16 | AF16: =AE16/AA16 | AG16: 200 | AX16: PathImpedance_TransitPremiumBusInVehicleTimeWeight = 0.95
A17: =VLOOKUP($C17,PrilimTable!$O:$U,7,FALSE) | B17: 6 | C17: =B17 | D17: =VLOOKUP($C17,PrilimTable!$O:$T,2,FALSE) | E17: =SUMIF(PrilimTable!$N$4:$N$82,B17,PrilimTable!$Q$4:$Q$82) | F17: =E17/$E$49 | G17: =SUMIF(PrilimTable!$O$4:$O$82,C17,PrilimTable!$S$4:$S$82) | H17: =G17/$G$49 | I17: =G17-E17 | J17: =I17/E17 | X17: 6 | Y17: 6 | Z17: =VLOOKUP(Y17,$C$14:$D$49,2,FALSE) | AA17: =SUMIF(PrilimTable!$N$4:$N$82,X17,PrilimTable!$Q$4:$Q$82) | AB17: =AA17/$E$49 | AC17: =SUMIF(PrilimTable!$O$4:$O$82,Y17,PrilimTable!$S$4:$S$82) | AD17: =AC17/$G$49 | AE17: =AC17-AA17 | AF17: =AE17/AA17 | AG17: 300 | AX17: PathImpedance_TransitLightRailInVehicleTimeWeight = 1.0
A18: =VLOOKUP($C18,PrilimTable!$O:$U,7,FALSE) | B18: 7 | C18: =B18 | D18: =VLOOKUP($C18,PrilimTable!$O:$T,2,FALSE) | E18: =SUMIF(PrilimTable!$N$4:$N$82,B18,PrilimTable!$Q$4:$Q$82) | F18: =E18/$E$49 | G18: =SUMIF(PrilimTable!$O$4:$O$82,C18,PrilimTable!$S$4:$S$82) | H18: =G18/$G$49 | I18: =G18-E18 | J18: =I18/E18 | X18: 7 | Y18: 7 | Z18: =VLOOKUP(Y18,$C$14:$D$49,2,FALSE) | AA18: =SUMIF(PrilimTable!$N$4:$N$82,X18,PrilimTable!$Q$4:$Q$82) | AB18: =AA18/$E$49 | AC18: =SUMIF(PrilimTable!$O$4:$O$82,Y18,PrilimTable!$S$4:$S$82) | AD18: =AC18/$G$49 | AE18: =AC18-AA18 | AF18: =AE18/AA18 | AG18: 400 | AX18: PathImpedance_TransitCommuterRailInVehicleTimeWeight = 0.65
A19: =VLOOKUP($C19,PrilimTable!$O:$U,7,FALSE) | B19: 8 | C19: =B19 | D19: =VLOOKUP($C19,PrilimTable!$O:$T,2,FALSE) | E19: =SUMIF(PrilimTable!$N$4:$N$82,B19,PrilimTable!$Q$4:$Q$82) | F19: =E19/$E$49 | G19: =SUMIF(PrilimTable!$O$4:$O$82,C19,PrilimTable!$S$4:$S$82) | H19: =G19/$G$49 | I19: =G19-E19 | J19: =I19/E19 | X19: 8 | Y19: 8 | Z19: =VLOOKUP(Y19,$C$14:$D$49,2,FALSE) | AA19: =SUMIF(PrilimTable!$N$4:$N$82,X19,PrilimTable!$Q$4:$Q$82) | AB19: =AA19/$E$49 | AC19: =SUMIF(PrilimTable!$O$4:$O$82,Y19,PrilimTable!$S$4:$S$82) | AD19: =AC19/$G$49 | AE19: =AC19-AA19 | AF19: =AE19/AA19 | AG19: 500 | AX19: PathImpedance_TransitFerryInVehicleTimeWeight = 0.80
A20: =VLOOKUP($C20,PrilimTable!$O:$U,7,FALSE) | B20: 9 | C20: =B20 | D20: =VLOOKUP($C20,PrilimTable!$O:$T,2,FALSE) | E20: =SUMIF(PrilimTable!$N$4:$N$82,B20,PrilimTable!$Q$4:$Q$82) | F20: =E20/$E$49 | G20: =SUMIF(PrilimTable!$O$4:$O$82,C20,PrilimTable!$S$4:$S$82) | H20: =G20/$G$49 | I20: =G20-E20 | J20: =I20/E20 | X20: 9 | Y20: 9 | Z20: =VLOOKUP(Y20,$C$14:$D$49,2,FALSE) | AA20: =SUMIF(PrilimTable!$N$4:$N$82,X20,PrilimTable!$Q$4:$Q$82) | AB20: =AA20/$E$49 | AC20: =SUMIF(PrilimTable!$O$4:$O$82,Y20,PrilimTable!$S$4:$S$82) | AD20: =AC20/$G$49 | AE20: =AC20-AA20 | AF20: =AE20/AA20 | AG20: 600
A21: =VLOOKUP($C21,PrilimTable!$O:$U,7,FALSE) | B21: 14 | C21: =B21 | D21: =VLOOKUP($C21,PrilimTable!$O:$T,2,FALSE) | E21: =SUMIF(PrilimTable!$N$4:$N$82,B21,PrilimTable!$Q$4:$Q$82) | F21: =E21/$E$49 | G21: =SUMIF(PrilimTable!$O$4:$O$82,C21,PrilimTable!$S$4:$S$82) | H21: =G21/$G$49 | I21: =G21-E21 | J21: =I21/E21 | X21: 14 | Y21: 14 | Z21: =VLOOKUP(Y21,$C$14:$D$49,2,FALSE) | AA21: =SUMIF(PrilimTable!$N$4:$N$82,X21,PrilimTable!$Q$4:$Q$82) | AB21: =AA21/$E$49 | AC21: =SUMIF(PrilimTable!$O$4:$O$82,Y21,PrilimTable!$S$4:$S$82) | AD21: =AC21/$G$49 | AE21: =AC21-AA21 | AF21: =AE21/AA21 | AG21: 700
A22: =VLOOKUP($C22,PrilimTable!$O:$U,7,FALSE) | B22: 17 | C22: =B22 | D22: =VLOOKUP($C22,PrilimTable!$O:$T,2,FALSE) | E22: =SUMIF(PrilimTable!$N$4:$N$82,B22,PrilimTable!$Q$4:$Q$82) | F22: =E22/$E$49 | G22: =SUMIF(PrilimTable!$O$4:$O$82,C22,PrilimTable!$S$4:$S$82) | H22: =G22/$G$49 | I22: =G22-E22 | J22: =I22/E22 | X22: 17 | Y22: 17 | Z22: =VLOOKUP(Y22,$C$14:$D$49,2,FALSE) | AA22: =SUMIF(PrilimTable!$N$4:$N$82,X22,PrilimTable!$Q$4:$Q$82) | AB22: =AA22/$E$49 | AC22: =SUMIF(PrilimTable!$O$4:$O$82,Y22,PrilimTable!$S$4:$S$82) | AD22: =AC22/$G$49 | AE22: =AC22-AA22 | AF22: =AE22/AA22 | AG22: 800
A23: =VLOOKUP($C23,PrilimTable!$O:$U,7,FALSE) | B23: 18 | C23: =B23 | D23: =VLOOKUP($C23,PrilimTable!$O:$T,2,FALSE) | E23: =SUMIF(PrilimTable!$N$4:$N$82,B23,PrilimTable!$Q$4:$Q$82) | F23: =E23/$E$49 | G23: =SUMIF(PrilimTable!$O$4:$O$82,C23,PrilimTable!$S$4:$S$82) | H23: =G23/$G$49 | I23: =G23-E23 | J23: =I23/E23 | X23: 18 | Y23: 18 | Z23: =VLOOKUP(Y23,$C$14:$D$49,2,FALSE) | AA23: =SUMIF(PrilimTable!$N$4:$N$82,X23,PrilimTable!$Q$4:$Q$82) | AB23: =AA23/$E$49 | AC23: =SUMIF(PrilimTable!$O$4:$O$82,Y23,PrilimTable!$S$4:$S$82) | AD23: =AC23/$G$49 | AE23: =AC23-AA23 | AF23: =AE23/AA23 | AG23: 900
A24: =VLOOKUP($C24,PrilimTable!$O:$U,7,FALSE) | B24: 19 | C24: =B24 | D24: =VLOOKUP($C24,PrilimTable!$O:$T,2,FALSE) | E24: =SUMIF(PrilimTable!$N$4:$N$82,B24,PrilimTable!$Q$4:$Q$82) | F24: =E24/$E$49 | G24: =SUMIF(PrilimTable!$O$4:$O$82,C24,PrilimTable!$S$4:$S$82) | H24: =G24/$G$49 | I24: =G24-E24 | J24: =I24/E24 | X24: 19 | Y24: 19 | Z24: =VLOOKUP(Y24,$C$14:$D$49,2,FALSE) | AA24: =SUMIF(PrilimTable!$N$4:$N$82,X24,PrilimTable!$Q$4:$Q$82) | AB24: =AA24/$E$49 | AC24: =SUMIF(PrilimTable!$O$4:$O$82,Y24,PrilimTable!$S$4:$S$82) | AD24: =AC24/$G$49 | AE24: =AC24-AA24 | AF24: =AE24/AA24 | AG24: 1000
A25: =VLOOKUP($C25,PrilimTable!$O:$U,7,FALSE) | B25: 22 | C25: =B25 | D25: =VLOOKUP($C25,PrilimTable!$O:$T,2,FALSE) | E25: =SUMIF(PrilimTable!$N$4:$N$82,B25,PrilimTable!$Q$4:$Q$82) | F25: =E25/$E$49 | G25: =SUMIF(PrilimTable!$O$4:$O$82,C25,PrilimTable!$S$4:$S$82) | H25: =G25/$G$49 | I25: =G25-E25 | J25: =I25/E25 | X25: 22 | Y25: 22 | Z25: =VLOOKUP(Y25,$C$14:$D$49,2,FALSE) | AA25: =SUMIF(PrilimTable!$N$4:$N$82,X25,PrilimTable!$Q$4:$Q$82) | AB25: =AA25/$E$49 | AC25: =SUMIF(PrilimTable!$O$4:$O$82,Y25,PrilimTable!$S$4:$S$82) | AD25: =AC25/$G$49 | AE25: =AC25-AA25 | AF25: =AE25/AA25 | AG25: 1100
A26: =VLOOKUP($C26,PrilimTable!$O:$U,7,FALSE) | B26: 23 | C26: =B26 | D26: =VLOOKUP($C26,PrilimTable!$O:$T,2,FALSE) | E26: =SUMIF(PrilimTable!$N$4:$N$82,B26,PrilimTable!$Q$4:$Q$82) | F26: =E26/$E$49 | G26: =SUMIF(PrilimTable!$O$4:$O$82,C26,PrilimTable!$S$4:$S$82) | H26: =G26/$G$49 | I26: =G26-E26 | J26: =I26/E26 | X26: 23 | Y26: 23 | Z26: =VLOOKUP(Y26,$C$14:$D$49,2,FALSE) | AA26: =SUMIF(PrilimTable!$N$4:$N$82,X26,PrilimTable!$Q$4:$Q$82) | AB26: =AA26/$E$49 | AC26: =SUMIF(PrilimTable!$O$4:$O$82,Y26,PrilimTable!$S$4:$S$82) | AD26: =AC26/$G$49 | AE26: =AC26-AA26 | AF26: =AE26/AA26 | AG26: 1200
A27: =VLOOKUP($C27,PrilimTable!$O:$U,7,FALSE) | B27: 28 | C27: =B27 | D27: =VLOOKUP($C27,PrilimTable!$O:$T,2,FALSE) | E27: =SUMIF(PrilimTable!$N$4:$N$82,B27,PrilimTable!$Q$4:$Q$82) | F27: =E27/$E$49 | G27: =SUMIF(PrilimTable!$O$4:$O$82,C27,PrilimTable!$S$4:$S$82) | H27: =G27/$G$49 | I27: =G27-E27 | J27: =I27/E27 | X27: 28 | Y27: 28 | Z27: =VLOOKUP(Y27,$C$14:$D$49,2,FALSE) | AA27: =SUMIF(PrilimTable!$N$4:$N$82,X27,PrilimTable!$Q$4:$Q$82) | AB27: =AA27/$E$49 | AC27: =SUMIF(PrilimTable!$O$4:$O$82,Y27,PrilimTable!$S$4:$S$82) | AD27: =AC27/$G$49 | AE27: =AC27-AA27 | AF27: =AE27/AA27 | AG27: 1300
A28: =VLOOKUP($C28,PrilimTable!$O:$U,7,FALSE) | B28: 29 | C28: =B28 | D28: =VLOOKUP($C28,PrilimTable!$O:$T,2,FALSE) | E28: =SUMIF(PrilimTable!$N$4:$N$82,B28,PrilimTable!$Q$4:$Q$82) | F28: =E28/$E$49 | G28: =SUMIF(PrilimTable!$O$4:$O$82,C28,PrilimTable!$S$4:$S$82) | H28: =G28/$G$49 | I28: =G28-E28 | J28: =I28/E28 | X28: 29 | Y28: 29 | Z28: =VLOOKUP(Y28,$C$14:$D$49,2,FALSE) | AA28: =SUMIF(PrilimTable!$N$4:$N$82,X28,PrilimTable!$Q$4:$Q$82) | AB28: =AA28/$E$49 | AC28: =SUMIF(PrilimTable!$O$4:$O$82,Y28,PrilimTable!$S$4:$S$82) | AD28: =AC28/$G$49 | AE28: =AC28-AA28 | AF28: =AE28/AA28 | AG28: 1400
A29: =VLOOKUP($C29,PrilimTable!$O:$U,7,FALSE) | B29: 34 | C29: =B29 | D29: =VLOOKUP($C29,PrilimTable!$O:$T,2,FALSE) | E29: =SUMIF(PrilimTable!$N$4:$N$82,B29,PrilimTable!$Q$4:$Q$82) | F29: =E29/$E$49 | G29: =SUMIF(PrilimTable!$O$4:$O$82,C29,PrilimTable!$S$4:$S$82) | H29: =G29/$G$49 | I29: =G29-E29 | J29: =I29/E29 | X29: 34 | Y29: 34 | Z29: =VLOOKUP(Y29,$C$14:$D$49,2,FALSE) | AA29: =SUMIF(PrilimTable!$N$4:$N$82,X29,PrilimTable!$Q$4:$Q$82) | AB29: =AA29/$E$49 | AC29: =SUMIF(PrilimTable!$O$4:$O$82,Y29,PrilimTable!$S$4:$S$82) | AD29: =AC29/$G$49 | AE29: =AC29-AA29 | AF29: =AE29/AA29 | AG29: 1500
A30: =VLOOKUP($C30,PrilimTable!$O:$U,7,FALSE) | B30: 41 | C30: =B30 | D30: =VLOOKUP($C30,PrilimTable!$O:$T,2,FALSE) | E30: =SUMIF(PrilimTable!$N$4:$N$82,B30,PrilimTable!$Q$4:$Q$82) | F30: =E30/$E$49 | G30: =SUMIF(PrilimTable!$O$4:$O$82,C30,PrilimTable!$S$4:$S$82) | H30: =G30/$G$49 | I30: =G30-E30 | J30: =I30/E30 | X30: 41 | Y30: 41 | Z30: =VLOOKUP(Y30,$C$14:$D$49,2,FALSE) | AA30: =SUMIF(PrilimTable!$N$4:$N$82,X30,PrilimTable!$Q$4:$Q$82) | AB30: =AA30/$E$49 | AC30: =SUMIF(PrilimTable!$O$4:$O$82,Y30,PrilimTable!$S$4:$S$82) | AD30: =AC30/$G$49 | AE30: =AC30-AA30 | AF30: =AE30/AA30 | AG30: 1600
A31: =VLOOKUP($C31,PrilimTable!$O:$U,7,FALSE) | B31: 42 | C31: =B31 | D31: =VLOOKUP($C31,PrilimTable!$O:$T,2,FALSE) | E31: =SUMIF(PrilimTable!$N$4:$N$82,B31,PrilimTable!$Q$4:$Q$82) | F31: =E31/$E$49 | G31: =SUMIF(PrilimTable!$O$4:$O$82,C31,PrilimTable!$S$4:$S$82) | H31: =G31/$G$49 | I31: =G31-E31 | J31: =I31/E31 | X31: 42 | Y31: 42 | Z31: =VLOOKUP(Y31,$C$14:$D$49,2,FALSE) | AA31: =SUMIF(PrilimTable!$N$4:$N$82,X31,PrilimTable!$Q$4:$Q$82) | AB31: =AA31/$E$49 | AC31: =SUMIF(PrilimTable!$O$4:$O$82,Y31,PrilimTable!$S$4:$S$82) | AD31: =AC31/$G$49 | AE31: =AC31-AA31 | AF31: =AE31/AA31 | AG31: 1700
... A48: =VLOOKUP($C48,PrilimTable!$O:$U,7,FALSE) | B48: 95 | C48: =B48 | D48: =VLOOKUP($C48,PrilimTable!$O:$T,2,FALSE) | E48: =SUMIF(PrilimTable!$N$4:$N$82,B48,PrilimTable!$Q$4:$Q$82) | F48: =E48/$E$49 | G48: =SUMIF(PrilimTable!$O$4:$O$82,C48,PrilimTable!$S$4:$S$82) | H48: =G48/$G$49 | I48: =G48-E48 | J48: =I48/E48 | X48: 95 | Y48: 95 | Z48: =VLOOKUP(Y48,$C$14:$D$49,2,FALSE) | AA48: =SUMIF(PrilimTable!$N$4:$N$82,X48,PrilimTable!$Q$4:$Q$82) | AB48: =AA48/$E$49 | AC48: =SUMIF(PrilimTable!$O$4:$O$82,Y48,PrilimTable!$S$4:$S$82) | AD48: =AC48/$G$49 | AE48: =AC48-AA48 | AF48: =AE48/AA48 | AG48: 3400
D49: TOTAL | E49: =SUM(E15:E48) | F49: =SUM(F15:F48) | G49: =SUM(G15:G48) | H49: =SUM(H15:H48) | I49: =G49-E49 | J49: =I49/E49 | AA49: =SUM(AA15:AA48) | AB49: 0.998 | AC49: =SUM(AC15:AC48) | AD49: 1 | AE49: =AC49-AA49 | AF49: =AE49/AA49

Sheet PrilimTable
Q2: OBS | S2: ABM_12132015
B3: ROUTE_STATION_NUM | C3: Boardings | M3: Mode | N3: Rte Id (OBS) | O3: Rte Id (ABM) | P3: Rte Name | Q3: Boardings | R3: Percentage | S3: Boardings | T3: Percentage | U3: Mode
B4: 3 | C4: =VLOOKUP($B4,Aggregated_Transit_Final_V2!$B:$H,7,FALSE) | M4: =VLOOKUP($O4,ABM_RteName!$A:$D,4,FALSE) | N4: 3 | O4: 3 | P4: =VLOOKUP($O4,ABM_RteName!$A:$C,3,FALSE) | Q4: =VLOOKUP(N4,$B:$C,2,FALSE) | R4: =Q4/$Q$38 | S4: =SUMIF(BoardingByRoute_ABM!$B:$B,O4,BoardingByRoute_ABM!$N:$N) | T4: =S4/S$38 | U4: =VLOOKUP($O4,ABM_RteName!$A:$D,4,FALSE)
B5: 4 | C5: =VLOOKUP($B5,Aggregated_Transit_Final_V2!$B:$H,7,FALSE) | M5: =VLOOKUP($O5,ABM_RteName!$A:$D,4,FALSE) | N5: 4 | O5: 4 | P5: =VLOOKUP($O5,ABM_RteName!$A:$C,3,FALSE) | Q5: =VLOOKUP(N5,$B:$C,2,FALSE) | R5: =Q5/$Q$38 | S5: =SUMIF(BoardingByRoute_ABM!$B:$B,O5,BoardingByRoute_ABM!$N:$N) | T5: =S5/S$38 | U5: =VLOOKUP($O5,ABM_RteName!$A:$D,4,FALSE)
B6: 6 | C6: =VLOOKUP($B6,Aggregated_Transit_Final_V2!$B:$H,7,FALSE) | M6: =VLOOKUP($O6,ABM_RteName!$A:$D,4,FALSE) | N6: 6 | O6: 6 | P6: =VLOOKUP($O6,ABM_RteName!$A:$C,3,FALSE) | Q6: =VLOOKUP(N6,$B:$C,2,FALSE) | R6: =Q6/$Q$38 | S6: =SUMIF(BoardingByRoute_ABM!$B:$B,O6,BoardingByRoute_ABM!$N:$N) | T6: =S6/S$38 | U6: =VLOOKUP($O6,ABM_RteName!$A:$D,4,FALSE)
B7: 7 | C7: =VLOOKUP($B7,Aggregated_Transit_Final_V2!$B:$H,7,FALSE) | M7: =VLOOKUP($O7,ABM_RteName!$A:$D,4,FALSE) | N7: 7 | O7: 7 | P7: =VLOOKUP($O7,ABM_RteName!$A:$C,3,FALSE) | Q7: =VLOOKUP(N7,$B:$C,2,FALSE) | R7: =Q7/$Q$38 | S7: =SUMIF(BoardingByRoute_ABM!$B:$B,O7,BoardingByRoute_ABM!$N:$N) | T7: =S7/S$38 | U7: =VLOOKUP($O7,ABM_RteName!$A:$D,4,FALSE)
B8: 8 | C8: =VLOOKUP($B8,Aggregated_Transit_Final_V2!$B:$H,7,FALSE) | M8: =VLOOKUP($O8,ABM_RteName!$A:$D,4,FALSE) | N8: 8 | O8: 8 | P8: =VLOOKUP($O8,ABM_RteName!$A:$C,3,FALSE) | Q8: =VLOOKUP(N8,$B:$C,2,FALSE) | R8: =Q8/$Q$38 | S8: =SUMIF(BoardingByRoute_ABM!$B:$B,O8,BoardingByRoute_ABM!$N:$N) | T8: =S8/S$38 | U8: =VLOOKUP($O8,ABM_RteName!$A:$D,4,FALSE)
B9: 9 | C9: =VLOOKUP($B9,Aggregated_Transit_Final_V2!$B:$H,7,FALSE) | M9: =VLOOKUP($O9,ABM_RteName!$A:$D,4,FALSE) | N9: 9 | O9: 9 | P9: =VLOOKUP($O9,ABM_RteName!$A:$C,3,FALSE) | Q9: =VLOOKUP(N9,$B:$C,2,FALSE) | R9: =Q9/$Q$38 | S9: =SUMIF(BoardingByRoute_ABM!$B:$B,O9,BoardingByRoute_ABM!$N:$N) | T9: =S9/S$38 | U9: =VLOOKUP($O9,ABM_RteName!$A:$D,4,FALSE)
B10: 14 | C10: =VLOOKUP($B10,Aggregated_Transit_Final_V2!$B:$H,7,FALSE) | M10: =VLOOKUP($O10,ABM_RteName!$A:$D,4,FALSE) | N10: 14 | O10: 14 | P10: =VLOOKUP($O10,ABM_RteName!$A:$C,3,FALSE) | Q10: =VLOOKUP(N10,$B:$C,2,FALSE) | R10: =Q10/$Q$38 | S10: =SUMIF(BoardingByRoute_ABM!$B:$B,O10,BoardingByRoute_ABM!$N:$N) | T10: =S10/S$38 | U10: =VLOOKUP($O10,ABM_RteName!$A:$D,4,FALSE)
B11: 17 | C11: =VLOOKUP($B11,Aggregated_Transit_Final_V2!$B:$H,7,FALSE) | M11: =VLOOKUP($O11,ABM_RteName!$A:$D,4,FALSE) | N11: 17 | O11: 17 | P11: =VLOOKUP($O11,ABM_RteName!$A:$C,3,FALSE) | Q11: =VLOOKUP(N11,$B:$C,2,FALSE) | R11: =Q11/$Q$38 | S11: =SUMIF(BoardingByRoute_ABM!$B:$B,O11,BoardingByRoute_ABM!$N:$N) | T11: =S11/S$38 | U11: =VLOOKUP($O11,ABM_RteName!$A:$D,4,FALSE)
B12: 18 | C12: =VLOOKUP($B12,Aggregated_Transit_Final_V2!$B:$H,7,FALSE) | M12: =VLOOKUP($O12,ABM_RteName!$A:$D,4,FALSE) | N12: 18 | O12: 18 | P12: =VLOOKUP($O12,ABM_RteName!$A:$C,3,FALSE) | Q12: =VLOOKUP(N12,$B:$C,2,FALSE) | R12: =Q12/$Q$38 | S12: =SUMIF(BoardingByRoute_ABM!$B:$B,O12,BoardingByRoute_ABM!$N:$N) | T12: =S12/S$38 | U12: =VLOOKUP($O12,ABM_RteName!$A:$D,4,FALSE)
B13: 19 | C13: =VLOOKUP($B13,Aggregated_Transit_Final_V2!$B:$H,7,FALSE) | M13: =VLOOKUP($O13,ABM_RteName!$A:$D,4,FALSE) | N13: 19 | O13: 19 | P13: =VLOOKUP($O13,ABM_RteName!$A:$C,3,FALSE) | Q13: =VLOOKUP(N13,$B:$C,2,FALSE) | R13: =Q13/$Q$38 | S13: =SUMIF(BoardingByRoute_ABM!$B:$B,O13,BoardingByRoute_ABM!$N:$N) | T13: =S13/S$38 | U13: =VLOOKUP($O13,ABM_RteName!$A:$D,4,FALSE)
B14: 22 | C14: =VLOOKUP($B14,Aggregated_Transit_Final_V2!$B:$H,7,FALSE) | M14: =VLOOKUP($O14,ABM_RteName!$A:$D,4,FALSE) | N14: 22 | O14: 22 | P14: =VLOOKUP($O14,ABM_RteName!$A:$C,3,FALSE) | Q14: =VLOOKUP(N14,$B:$C,2,FALSE) | R14: =Q14/$Q$38 | S14: =SUMIF(BoardingByRoute_ABM!$B:$B,O14,BoardingByRoute_ABM!$N:$N) | T14: =S14/S$38 | U14: =VLOOKUP($O14,ABM_RteName!$A:$D,4,FALSE)
B15: 23 | C15: =VLOOKUP($B15,Aggregated_Transit_Final_V2!$B:$H,7,FALSE) | M15: =VLOOKUP($O15,ABM_RteName!$A:$D,4,FALSE) | N15: 23 | O15: 23 | P15: =VLOOKUP($O15,ABM_RteName!$A:$C,3,FALSE) | Q15: =VLOOKUP(N15,$B:$C,2,FALSE) | R15: =Q15/$Q$38 | S15: =SUMIF(BoardingByRoute_ABM!$B:$B,O15,BoardingByRoute_ABM!$N:$N) | T15: =S15/S$38 | U15: =VLOOKUP($O15,ABM_RteName!$A:$D,4,FALSE)
... B37: 95 | C37: =VLOOKUP($B37,Aggregated_Transit_Final_V2!$B:$H,7,FALSE) | M37: =VLOOKUP($O37,ABM_RteName!$A:$D,4,FALSE) | N37: 95 | O37: 95 | P37: =VLOOKUP($O37,ABM_RteName!$A:$C,3,FALSE) | Q37: =VLOOKUP(N37,$B:$C,2,FALSE) | R37: =Q37/$Q$38 | S37: =SUMIF(BoardingByRoute_ABM!$B:$B,O37,BoardingByRoute_ABM!$N:$N) | T37: =S37/S$38 | U37: =VLOOKUP($O37,ABM_RteName!$A:$D,4,FALSE)
N38: TOTAL | Q38: =SUM(Q4:Q37) | R38: =SUM(R4:R37) | S38: =SUM(S4:S37) | T38: =SUM(T4:T37)
P44: Following stations are replaced with '301'
P45: DON | Q45: 301
P46: HER | Q46: 301
P47: JUL | Q47: 301
P48: LEB | Q48: 301
P49: MAR | Q49: 301
P50: RIV | Q50: 301
P51: 18X | Q51: 18
A54: Boardings by transit sub-mode
C55: OBS | E55: ABM | G55: Sub-mode Constant (DaySim)
B56: Transit sub-mode | C56: Count | D56: Percentage | E56: Count | F56: Percentage | G56: Utils | H56: Mins
B57: Local Bus | C57: =25297-BoardingByRoute_All!E48 | D57: =C57/$C$61 | E57: =IF(ISNUMBER(TrnStat.asc!J26),TrnStat.asc!J26,CONCATENATE(LEFT(TrnStat.asc!J26,2),RIGHT(TrnStat.asc!J26,3))) | F57: =E57/E$61 | G57: -0.1 | H57: =G57/0.03
B58: Express Bus | C58: 2122 | D58: =C58/$C$61 | E58: =IF(ISNUMBER(TrnStat.asc!K27),TrnStat.asc!K27,CONCATENATE(LEFT(TrnStat.asc!K27,2),RIGHT(TrnStat.asc!K27,3)))+IF(ISNUMBER(TrnStat.asc!K28),TrnStat.asc!K28,CONCATENATE(LEFT(TrnStat.asc!K28,2),RIGHT(TrnStat.asc!K28,3))) | F58: =E58/E$61 | G58: 0.45 | H58: =G58/0.03
B59: BRT | C59: 2660 | D59: =C59/$C$61 | E59: =IF(ISNUMBER(TrnStat.asc!K29),TrnStat.asc!K29,CONCATENATE(LEFT(TrnStat.asc!K29,2),RIGHT(TrnStat.asc!K29,3))) | F59: =E59/E$61 | G59: -0.1 | H59: =G59/0.03
B60: Commuter Rail | C60: =1243+BoardingByRoute_All!E48 | D60: =C60/$C$61 | E60: =IF(ISNUMBER(TrnStat.asc!J30),TrnStat.asc!J30,CONCATENATE(LEFT(TrnStat.asc!J30,2),RIGHT(TrnStat.asc!J30,3)))+IF(ISNUMBER(TrnStat.asc!J31),TrnStat.asc!J31,CONCATENATE(LEFT(TrnStat.asc!J31,2),RIGHT(TrnStat.asc!J31,3))) | F60: =E60/E$61 | G60: 1.3 | H60: =G60/0.03
B61: Total | C61: 31322 | D61: =C61/$C$61 | E61: =SUM(E57:E60) | F61: 1
B63: Transfer Rate | C63: 0.596 | E63: =-(TrnStat.asc!D46)

Sheet Aggregated_Transit_Final_V2
A1: RouteNumChar | B1: RouteNumNum | C1: RouteObs | D1: ON | E1: ObsName | F1: ObsOn | G1: ObsOff | H1: boarding
A2: 3 | B2: 3 | H2: =IFERROR(VLOOKUP(B2,Obs_Ridership!$A:$G,7,FALSE),"")
A3: 4 | B3: 4 | H3: =IFERROR(VLOOKUP(B3,Obs_Ridership!$A:$G,7,FALSE),"")
A4: 6 | B4: 6 | H4: =IFERROR(VLOOKUP(B4,Obs_Ridership!$A:$G,7,FALSE),"")
A5: 7 | B5: 7 | H5: =IFERROR(VLOOKUP(B5,Obs_Ridership!$A:$G,7,FALSE),"")
A6: 8 | B6: 8 | H6: =IFERROR(VLOOKUP(B6,Obs_Ridership!$A:$G,7,FALSE),"")
A7: 9 | B7: 9 | H7: =IFERROR(VLOOKUP(B7,Obs_Ridership!$A:$G,7,FALSE),"")
A8: 14 | B8: 14 | H8: =IFERROR(VLOOKUP(B8,Obs_Ridership!$A:$G,7,FALSE),"")
A9: 17 | B9: 17 | H9: =IFERROR(VLOOKUP(B9,Obs_Ridership!$A:$G,7,FALSE),"")
A10: 18 | B10: 18 | H10: =IFERROR(VLOOKUP(B10,Obs_Ridership!$A:$G,7,FALSE),"")
A11: 19 | B11: 19 | H11: =IFERROR(VLOOKUP(B11,Obs_Ridership!$A:$G,7,FALSE),"")
A12: 22 | B12: 22 | H12: =IFERROR(VLOOKUP(B12,Obs_Ridership!$A:$G,7,FALSE),"")
A13: 23 | B13: 23 | H13: =IFERROR(VLOOKUP(B13,Obs_Ridership!$A:$G,7,FALSE),"")
... A29: 84 | B29: 84 | H29: =IFERROR(VLOOKUP(B29,Obs_Ridership!$A:$G,7,FALSE),"")
A30: 86 | B30: 86 | H30: =IFERROR(VLOOKUP(B30,Obs_Ridership!$A:$G,7,FALSE),"") | I30: "RouteNumNum" isn't correct, used "RouteNumChar"
A31: 87 | B31: 87 | H31: =IFERROR(VLOOKUP(B31,Obs_Ridership!$A:$G,7,FALSE),"")
A32: 89 | B32: 89 | H32: =IFERROR(VLOOKUP(B32,Obs_Ridership!$A:$G,7,FALSE),"")
A33: 90 | B33: 90 | H33: =IFERROR(VLOOKUP(B33,Obs_Ridership!$A:$G,7,FALSE),"")
A34: 93 | B34: 93 | H34: =IFERROR(VLOOKUP(B34,Obs_Ridership!$A:$G,7,FALSE),"")
A35: 95 | B35: 95 | H35: =IFERROR(VLOOKUP(B35,Obs_Ridership!$A:$G,7,FALSE),"")

Sheet TrnStat.asc
B2: Created | C2: On: | D2: Sat, | E2: May | F2: 11 | G2: 2024 | H2: (20:40:06)
B3: Nashville | C3: Transit | D3: Assignment | E3: Summary
B5: Alternative:
A9: TRIPS | B9: BY | C9: TOD | D9: AND | E9: MODE | F9: (MODE | G9: CHOICE | H9: MODEL | I9: RESULTS)
A10: |
B11: Per | C11: DriveAlo | D11: ShrRide | E11: 2 | F11: ShrRide | G11: 3+ | H11: WalkLocal | I11: WalkBrt | J11: WalkExpBus | K11: WalkUrbRail | L11: WalkComRail | M11: PnRLocal | N11: PnRBrt | O11: PnRExpBus | P11: PnRUrbRail | Q11: PnRComRail | R11: KnRLocal | S11: KnRBrt | T11: KnRExpBus | U11: KnRUrbRail | V11: KnrComRail | W11: | | X11: Total | Y11: Trips
A12: |
B13: AM | C13: -- | D13: -- | E13: -- | F13: 4433 | G13: 181 | H13: 13 | I13: 0 | J13: 604 | K13: 750 | L13: 0 | M13: 1 | N13: 0 | O13: 576 | P13: 0 | Q13: 0 | R13: 0 | S13: 0 | T13: 0 | U13: | | V13: --
B14: MD | C14: -- | D14: -- | E14: -- | F14: 10864 | G14: 252 | H14: 30 | I14: 0 | J14: 0 | K14: 444 | L14: 0 | M14: 1 | N14: 0 | O14: 0 | P14: 0 | Q14: 0 | R14: 0 | S14: 0 | T14: 0 | U14: | | V14: --
B15: PM | C15: -- | D15: -- | E15: -- | F15: 6643 | G15: 236 | H15: 21 | I15: 0 | J15: 1757 | K15: 835 | L15: 0 | M15: 1 | N15: 0 | O15: 432 | P15: 0 | Q15: 0 | R15: 0 | S15: 0 | T15: 0 | U15: | | V15: --
B16: OP | C16: -- | D16: -- | E16: -- | F16: 2511 | G16: 52 | H16: 1 | I16: 0 | J16: 0 | K16: 127 | L16: 0 | M16: 1 | N16: 0 | O16: 0 | P16: 0 | Q16: 0 | R16: 0 | S16: 0 | T16: 0 | U16: | | V16: --
A17: |
A18: TOTAL | B18: -- | C18: -- | D18: -- | E18: 24451 | F18: 721 | G18: 65 | H18: 0 | I18: 2361 | J18: 2156 | K18: 0 | L18: 4 | M18: 0 | N18: 1008 | O18: 0 | P18: 0 | Q18: 0 | R18: 0 | S18: 0 | T18: | | U18: --
A22: TRANSIT | B22: BOARDINGS | C22: BY | D22: MODE | E22: (TRANSIT | F22: ASSIGNMENT | G22: RESULTS)
A23: |
B24: Mode | C24: Mode | D24: Name | E24: Dwell | F24: Factor | G24: AM | H24: MD | I24: PM | J24: OP | K24: | | L24: Total
A25: |
B26: 1 | C26: Local | D26: 2 | E26: 9743 | F26: 17852 | G26: 14053 | H26: 3872 | I26: | | J26: 45527
B27: 6 | C27: Express | D27: Bus | E27: 1 | F27: 13 | G27: 31 | H27: 20 | I27: 1 | J27: | | K27: 65
B28: 7 | C28: Commuter | D28: Bus | E28: 1 | F28: 1 | G28: 0 | H28: 2 | I28: 0 | J28: | | K28: 3
B29: 8 | C29: Existing | D29: BRT | E29: 1.5 | F29: 176 | G29: 230 | H29: 235 | I29: 50 | J29: | | K29: 689
B30: 11 | C30: Shuttle | D30: 2 | E30: 548 | F30: 0 | G30: 1704 | H30: 0 | I30: | | J30: 2253
B31: 12 | C31: ComRail | D31: 0.5 | E31: 139 | F31: 0 | G31: 112 | H31: 0 | I31: | | J31: 253
A32: |
B33: TOTAL | C33: 10619 | D33: 18113 | E33: 16125 | F33: 3922 | G33: | | H33: 48790
A37: TRANSFER | B37: RATES | C37: BY | D37: TOD
B39: Period | C39: Transfers | D39: (Rate)
B41: AM | C41: 4061 | D41: (61.93%)
B42: MD | C42: 6522 | D42: (56.27%)
B43: PM | C43: 6200 | D43: (62.47%)
B44: OP | C44: 1230 | D44: (45.70%)
B46: TOTAL | C46: 18024 | D46: (58.58%)
A50: TRANSIT | B50: BOARDINGS | C50: BY | D50: ROUTE | E50: (TRANSIT | F50: ASSIGNMENT | G50: RESULTS)
A51: |
B52: Route | C52: Mode | D52: Route | E52: Name | F52: AM | G52: MD | H52: PM | I52: OP | J52: | | K52: Total
A53: |
B54: 3 | C54: 1 | D54: Rte | E54: 3 | F54: 932 | G54: 1550 | H54: 1345 | I54: 347 | J54: | | K54: 4175
B55: 4 | C55: 1 | D55: Rte | E55: 4 | F55: 208 | G55: 384 | H55: 269 | I55: 52 | J55: | | K55: 913
B56: 6 | C56: 1 | D56: Rte | E56: 6 | F56: 179 | G56: 71 | H56: 247 | I56: 22 | J56: | | K56: 519
B57: 7 | C57: 1 | D57: Rte | E57: 7 | F57: 1875 | G57: 5732 | H57: 2718 | I57: 1181 | J57: | | K57: 11508
B58: 8 | C58: 1 | D58: Rte | E58: 8 | F58: 440 | G58: 331 | H58: 240 | I58: 49 | J58: | | K58: 1059
B59: 9 | C59: 1 | D59: Rte | E59: 9 | F59: 97 | G59: 163 | H59: 128 | I59: 0 | J59: | | K59: 389
B60: 14 | C60: 1 | D60: Rte | E60: 14 | F60: 58 | G60: 38 | H60: 116 | I60: 30 | J60: | | K60: 242
B61: 17 | C61: 1 | D61: Rte | E61: 17 | F61: 312 | G61: 640 | H61: 460 | I61: 92 | J61: | | K61: 1504
B62: 18 | C62: 6 | D62: Rte | E62: 18 | F62: 120 | G62: 171 | H62: 32 | I62: 78 | J62: | | K62: 401
B63: 19 | C63: 1 | D63: Rte | E63: 19 | F63: 266 | G63: 391 | H63: 583 | I63: 64 | J63: | | K63: 1303
B64: 22 | C64: 1 | D64: Rte | E64: 22 | F64: 619 | G64: 1382 | H64: 1115 | I64: 308 | J64: | | K64: 3425
B65: 23 | C65: 1 | D65: Rte | E65: 23 | F65: 346 | G65: 614 | H65: 408 | I65: 115 | J65: | | K65: 1483
... B87: 199 | C87: 9 | D87: Rte | E87: 199 | F87: 61 | G87: 0 | H87: 61 | I87: 0 | J87: | | K87: 123
A88: | | B88: 43 | C88: 1 | D88: Rte | E88: 43 | F88: 00,015 | G88: 0,012 | H88: 0,040 | I88: 0,009 | J88: | | K88: 00,076
B89: TOTAL | C89: 10619 | D89: 18113 | E89: 16125 | F89: 3922 | G89: | | H89: 48790 | I89: 0,334 | J89: | | K89: 2385
B90: 56 | C90: 8 | D90: Rte | E90: 56 | F90: 00,813 | G90: 0,675 | H90: 0,855 | I90: 0,248 | J90: | | K90: 2591
B91: 60 | C91: 1 | D91: Rte | E91: 60 | F91: 00,136 | G91: 0,795 | H91: 0,526 | I91: 0,000 | J91: | | K91: 1457
B92: 61 | C92: 1 | D92: Rte | E92: 61 | F92: 00,006 | G92: 0,221 | H92: 0,121 | I92: 0,097 | J92: | | K92: 00,445
A93: TRANSIT | B93: BOARDINGS | C93: BY | D93: INDIVIDUAL | E93: ROUTES | F93: (DISAGGREGATE | G93: RESULTS) | H93: 0,004 | I93: 0,000 | J93: | | K93: 00,018
B94: 76 | C94: 1 | D94: Rte | E94: 76 | F94: 00,012 | G94: 0,013 | H94: 0,018 | I94: 0,007 | J94: | | K94: 00,049
B95: RTE_ID | C95: RTE_NAME | D95: MODE | E95: HDAM | F95: HDMD | G95: HDPM | H95: HDOP | I95: RTE | J95: AM_MILES | K95: AM_TIME | L95: MD_MILES | M95: MD_TIME | N95: PM_MILES | O95: PM_TIME | P95: OP_MILES | Q95: OP_TIME | R95: TOT_ON | S95: 1_WL | T95: 1_WB | U95: 1_WE | V95: 1_WU | W95: 1_WC | X95: 1_PL | Y95: 1_PB | Z95: 1_PE | AA95: 1_PU | AB95: 1_PC | AC95: 1_KL | AD95: 1_KB | AE95: 1_KE | AF95: 1_KU | AG95: 1_KC | AH95: 2_WL | AI95: 2_WB | AJ95: 2_WE | AK95: 2_WU | AL95: 2_WC | AM95: 2_PL | AN95: 2_PB | AO95: 2_PE | AP95: 2_PU | AQ95: 2_PC | AR95: 2_KL | AS95: 2_KB | AT95: 2_KE | AU95: 2_KU | AV95: 2_KC | AW95: 3_WL | AX95: 3_WB | AY95: 3_WE | AZ95: 3_WU | BA95: 3_WC | BB95: 3_PL | BC95: 3_PB | BD95: 3_PE | BE95: 3_PU | BF95: 3_PC | BG95: 3_KL | BH95: 3_KB | BI95: 3_KE | BJ95: 3_KU | BK95: 3_KC | BL95: 4_WL | BM95: 4_WB | BN95: 4_WE | BO95: 4_WU | BP95: 4_WC | BQ95: 4_PL | BR95: 4_PB | BS95: 4_PE | BT95: 4_PU | BU95: 4_PC | BV95: 4_KL | BW95: 4_KB | BX95: 4_KE | BY95: 4_KU | BZ95: 4_KC | CA95: 5_WL | CB95: 5_WB | CC95: 5_WE | CD95: 5_WU | CE95: 5_WC | CF95: 5_PL | CG95: 5_PB | CH95: 5_PE | CI95: 5_PU | CJ95: 5_PC | CK95: 5_KL | CL95: 5_KB | CM95: 5_KE | CN95: 5_KU | CO95: 5_KC | CP95: 6_WL | CQ95: 6_WB | CR95: 6_WE | CS95: 6_WU | CT95: 6_WC | CU95: 6_PL | CV95: 6_PB | CW95: 6_PE | CX95: 6_PU | CY95: 6_PC | CZ95: 6_KL | DA95: 6_KB | DB95: 6_KE | DC95: 6_KU | DD95: 6_KC | DE95: 7_WL | DF95: 7_WB | DG95: 7_WE | DH95: 7_WU | DI95: 7_WC | DJ95: 7_PL | DK95: 7_PB | DL95: 7_PE | DM95: 7_PU | DN95: 7_PC | DO95: 7_KL | DP95: 7_KB | DQ95: 7_KE | DR95: 7_KU | DS95: 7_KC | DT95: TOT_PH | DU95: TOT_PM
B96: 84 | C96: 6 | D96: Rte | E96: 84 | F96: 00,071 | G96: 0,061 | H96: 0,101 | I96: 0,025 | J96: | | K96: 00,258
B97: 1Rte | C97: 52 | D97: NOLENSVILLE | E97: PIKE | F97: ( | G97: 1 | H97: 10 | I97: 15 | J97: 10 | K97: 30 | L97: 52 | M97: 9.292847 | N97: 40.383042 | O97: 9.292847 | P97: 41.208236 | Q97: 9.292847 | R97: 61.000541 | S97: 9.292847 | T97: 35.262954 | U97: 1222186.211.780.333 | V97: 037.047.500 | W97: 0 | X97: 0 | Y97: 0.5 | Z97: 0 | AA97: 0 | AB97: 0 | AC97: 0 | AD97: 0444.24.142 | AE97: 0 | AF97: 0 | AG97: 15.5 | AH97: 0 | AI97: 0 | AJ97: 0 | AK97: 0 | AL97: 0 | AM97: 0 | AN97: 0 | AO97: 0 | AP97: 0254.33.513 | AQ97: 0 | AR97: 0112.221.66 | AS97: 0 | AT97: 0 | AU97: 0 | AV97: 1 | AW97: 0 | AX97: 0 | AY97: 0 | AZ97: 0 | BA97: 117.2 | BB97: 0 | BC97: 0 | BD97: 0 | BE97: 0 | BF97: 5 | BG97: 0 | BH97: 0 | BI97: 0 | BJ97: 0 | BK97: 0 | BL97: 0 | BM97: 0 | BN97: 0 | BO97: 0 | BP97: 269 | BQ97: 3053
B98: 2Rte | C98: 17 | D98: 12TH | E98: AVENUE | F98: SOUTH | G98: 1 | H98: 20 | I98: 26 | J98: 27 | K98: 110 | L98: 17 | M98: 6.224015 | N98: 34.153029 | O98: 6.224015 | P98: 27.476051 | Q98: 6.224015 | R98: 28.944317 | S98: 6.224015 | T98: 23.754801 | U98: 726152.31.272 | V98: 0 | W98: 12.92 | X98: 0 | Y98: 0 | Z98: 0 | AA98: 0.277 | AB98: 0 | AC98: 0 | AD98: 0 | AE98: 0 | AF98: 0358.87.671 | AG98: 0 | AH98: 0 | AI98: 0 | AJ98: 0 | AK98: 0 | AL98: 0 | AM98: 0 | AN98: 0 | AO98: 0 | AP98: 0 | AQ98: 0 | AR98: 0 | AS98: 0139.33.434 | AT98: 0 | AU98: 0 | AV98: 24.157 | AW98: 0 | AX98: 0 | AY98: 1.289 | AZ98: 0 | BA98: 0 | BB98: 0 | BC98: 0 | BD98: 0 | BE98: 420.5 | BF98: 0 | BG98: 0 | BH98: 0 | BI98: 0 | BJ98: 0 | BK98: 0 | BL98: 0 | BM98: 0 | BN98: 0 | BO98: 0 | BP98: 0 | BQ98: 0 | BR98: 0 | BS98: 148 | BT98: 1867
B99: 3Rte | C99: 18 | D99: Airport | E99: Exp | F99: OB | G99: 6 | H99: 60 | I99: 120 | J99: 18 | K99: 0 | L99: 0 | M99: 0 | N99: 0 | O99: 7.637199 | P99: 25.93061 | Q99: 7.637199 | R99: 12.653013 | S99: 1 | T99: 0 | U99: 0 | V99: 0 | W99: 0 | X99: 0 | Y99: 0 | Z99: 0 | AA99: 0 | AB99: 0 | AC99: 0 | AD99: 0 | AE99: 0 | AF99: 0 | AG99: 0 | AH99: 0 | AI99: 0 | AJ99: 0 | AK99: 0 | AL99: 0 | AM99: 0 | AN99: 0 | AO99: 0 | AP99: 0 | AQ99: 0 | AR99: 0 | AS99: 0 | AT99: 0 | AU99: 0 | AV99: 0 | AW99: 0 | AX99: 0 | AY99: 0 | AZ99: 1 | BA99: 0 | BB99: 0 | BC99: 0 | BD99: 0 | BE99: 0 | BF99: 0 | BG99: 0 | BH99: 0 | BI99: 0 | BJ99: 0 | BK99: 0 | BL99: 0 | BM99: 0 | BN99: 0 | BO99: 0 | BP99: 0 | BQ99: 0 | BR99: 0 | BS99: 0 | BT99: 0 | BU99: 0 | BV99: 0 | BW99: 0 | BX99: 0 | BY99: 0 | BZ99: 0 | CA99: 0 | CB99: 0 | CC99: 7
B100: 4Rte | C100: 22 | D100: Bordeaux | E100: (Panaroma | F100: 1 | G100: 15 | H100: 15 | I100: 15 | J100: 35 | K100: 22 | L100: 5.29575 | M100: 25.922054 | N100: 5.29575 | O100: 22.480019 | P100: 5.29575 | Q100: 22.129218 | R100: 5.29575 | S100: 19.957576 | T100: 772185.80.363 | U100: 0 | V100: 0 | W100: 0 | X100: 7 | Y100: 0 | Z100: 0 | AA100: 0 | AB100: 12 | AC100: 0 | AD100: 0 | AE100: 0 | AF100: 0 | AG100: 0299.41.164 | AH100: 0 | AI100: 0 | AJ100: 0 | AK100: 4 | AL100: 0 | AM100: 0 | AN100: 0 | AO100: 0 | AP100: 0 | AQ100: 0 | AR100: 0 | AS100: 0 | AT100: 0195.51.841 | AU100: 0 | AV100: 0 | AW100: 11.87 | AX100: 0 | AY100: 0 | AZ100: 11.73 | BA100: 0 | BB100: 0 | BC100: 0 | BD100: 0 | BE100: 040.430.509 | BF100: 0 | BG100: 0 | BH100: 0 | BI100: 0 | BJ100: 0 | BK100: 0 | BL100: 0 | BM100: 0 | BN100: 0 | BO100: 0 | BP100: 0 | BQ100: 0 | BR100: 0 | BS100: 127 | BT100: 1605
B101: 5Rte | C101: 52 | D101: NOLENSVILLE | E101: PIKE | F101: ( | G101: 1 | H101: 10 | I101: 15 | J101: 10 | K101: 30 | L101: 52 | M101: 9.515182 | N101: 65.196639 | O101: 9.515182 | P101: 42.378848 | Q101: 9.515182 | R101: 44.357954 | S101: 9.515182 | T101: 33.103646 | U101: 1286200.60.500 | V101: 0 | W101: 019.7517.13 | X101: 0 | Y101: 0 | Z101: 48.54 | AA101: 0 | AB101: 0 | AC101: 0 | AD101: 0 | AE101: 0484.01.357 | AF101: 0 | AG101: 0 | AH101: 4.09 | AI101: 0 | AJ101: 0 | AK101: 0 | AL101: 0 | AM101: 0 | AN101: 0 | AO101: 0 | AP101: 0 | AQ101: 379 | AR101: 50.5 | AS101: 036.757.423 | AT101: 0 | AU101: 0 | AV101: 1.388 | AW101: 0 | AX101: 0 | AY101: 0 | AZ101: 0 | BA101: 79.52 | BB101: 0 | BC101: 0 | BD101: 0 | BE101: 0 | BF101: 0 | BG101: 0 | BH101: 0 | BI101: 0 | BJ101: 0 | BK101: 0 | BL101: 0 | BM101: 0 | BN101: 0 | BO101: 0 | BP101: 267 | BQ101: 2746
B102: 7Rte | C102: 112 | D102: FTA | E102: Red | F102: Route | G102: SN | H102: 3 | I102: 30 | J102: 30 | K102: 48 | L102: 112 | M102: 7.980679 | N102: 32.376326 | O102: 7.980679 | P102: 26.923077 | Q102: 7.980679 | R102: 27.949681 | S102: 0 | T102: 0 | U102: 0 | V102: 0 | W102: 0 | X102: 0 | Y102: 0 | Z102: 0 | AA102: 0 | AB102: 0 | AC102: 0 | AD102: 0 | AE102: 0 | AF102: 0 | AG102: 0 | AH102: 0 | AI102: 0 | AJ102: 0 | AK102: 0 | AL102: 0 | AM102: 0 | AN102: 0 | AO102: 0 | AP102: 0 | AQ102: 0 | AR102: 0 | AS102: 0 | AT102: 0 | AU102: 0 | AV102: 0 | AW102: 0 | AX102: 0 | AY102: 0 | AZ102: 0 | BA102: 0 | BB102: 0 | BC102: 0 | BD102: 0 | BE102: 0 | BF102: 0 | BG102: 0 | BH102: 0 | BI102: 0 | BJ102: 0 | BK102: 0 | BL102: 0 | BM102: 0 | BN102: 0 | BO102: 0 | BP102: 0 | BQ102: 0 | BR102: 0 | BS102: 0 | BT102: 0 | BU102: 0 | BV102: 0 | BW102: 0 | BX102: 0 | BY102: 0 | BZ102: 0 | CA102: 0 | CB102: 0 | CC102: 0 | CD102: 0 | CE102: 0
B103: 8Rte | C103: 107 | D103: Rover | E103: Gateway | F103: 2 | G103: 36 | H103: 45 | I103: 80 | J103: 107 | K103: 7.423462 | L103: 31.058336 | M103: 7.423462 | N103: 30.36366 | O103: 7.423462 | P103: 33.847827 | Q103: 0 | R103: 0 | S103: 0 | T103: 0 | U103: 0 | V103: 0 | W103: 0 | X103: 0 | Y103: 0 | Z103: 0 | AA103: 0 | AB103: 0 | AC103: 0 | AD103: 0 | AE103: 0 | AF103: 0 | AG103: 0 | AH103: 0 | AI103: 0 | AJ103: 0 | AK103: 0 | AL103: 0 | AM103: 0 | AN103: 0 | AO103: 0 | AP103: 0 | AQ103: 0 | AR103: 0 | AS103: 0 | AT103: 0 | AU103: 0 | AV103: 0 | AW103: 0 | AX103: 0 | AY103: 0 | AZ103: 0 | BA103: 0 | BB103: 0 | BC103: 0 | BD103: 0 | BE103: 0 | BF103: 0 | BG103: 0 | BH103: 0 | BI103: 0 | BJ103: 0 | BK103: 0 | BL103: 0 | BM103: 0 | BN103: 0 | BO103: 0 | BP103: 0 | BQ103: 0 | BR103: 0 | BS103: 0 | BT103: 0 | BU103: 0 | BV103: 0 | BW103: 0 | BX103: 0 | BY103: 0 | BZ103: 0 | CA103: 0 | CB103: 0 | CC103: 0
B104: 9Rte | C104: 105 | D104: Rover | E104: HighLand | F104: 2 | G104: 36 | H104: 45 | I104: 80 | J104: 105 | K104: 7.7243 | L104: 33.193924 | M104: 7.7243 | N104: 31.672089 | O104: 7.7243 | P104: 33.840122 | Q104: 0 | R104: 0 | S104: 0 | T104: 0 | U104: 0 | V104: 0 | W104: 0 | X104: 0 | Y104: 0 | Z104: 0 | AA104: 0 | AB104: 0 | AC104: 0 | AD104: 0 | AE104: 0 | AF104: 0 | AG104: 0 | AH104: 0 | AI104: 0 | AJ104: 0 | AK104: 0 | AL104: 0 | AM104: 0 | AN104: 0 | AO104: 0 | AP104: 0 | AQ104: 0 | AR104: 0 | AS104: 0 | AT104: 0 | AU104: 0 | AV104: 0 | AW104: 0 | AX104: 0 | AY104: 0 | AZ104: 0 | BA104: 0 | BB104: 0 | BC104: 0 | BD104: 0 | BE104: 0 | BF104: 0 | BG104: 0 | BH104: 0 | BI104: 0 | BJ104: 0 | BK104: 0 | BL104: 0 | BM104: 0 | BN104: 0 | BO104: 0 | BP104: 0 | BQ104: 0 | BR104: 0 | BS104: 0 | BT104: 0 | BU104: 0 | BV104: 0 | BW104: 0 | BX104: 0 | BY104: 0 | BZ104: 0 | CA104: 0 | CB104: 0 | CC104: 0
B105: 10Rte | C105: 106 | D105: Rover | E105: Medical | F105: Cen | G105: 2 | H105: 36 | I105: 45 | J105: 80 | K105: 106 | L105: 9.848086 | M105: 46.430967 | N105: 9.848086 | O105: 43.92954 | P105: 9.848086 | Q105: 51.438152 | R105: 0 | S105: 0 | T105: 0 | U105: 0 | V105: 0 | W105: 0 | X105: 0 | Y105: 0 | Z105: 0 | AA105: 0 | AB105: 0 | AC105: 0 | AD105: 0 | AE105: 0 | AF105: 0 | AG105: 0 | AH105: 0 | AI105: 0 | AJ105: 0 | AK105: 0 | AL105: 0 | AM105: 0 | AN105: 0 | AO105: 0 | AP105: 0 | AQ105: 0 | AR105: 0 | AS105: 0 | AT105: 0 | AU105: 0 | AV105: 0 | AW105: 0 | AX105: 0 | AY105: 0 | AZ105: 0 | BA105: 0 | BB105: 0 | BC105: 0 | BD105: 0 | BE105: 0 | BF105: 0 | BG105: 0 | BH105: 0 | BI105: 0 | BJ105: 0 | BK105: 0 | BL105: 0 | BM105: 0 | BN105: 0 | BO105: 0 | BP105: 0 | BQ105: 0 | BR105: 0 | BS105: 0 | BT105: 0 | BU105: 0 | BV105: 0 | BW105: 0 | BX105: 0 | BY105: 0 | BZ105: 0 | CA105: 0 | CB105: 0 | CC105: 0 | CD105: 0
B106: 11Rte | C106: 104 | D106: Rover | E106: Mercury | F106: 2 | G106: 36 | H106: 45 | I106: 80 | J106: 104 | K106: 8.653679 | L106: 34.38825 | M106: 8.653679 | N106: 33.438602 | O106: 8.653679 | P106: 35.126687 | Q106: 0 | R106: 0 | S106: 0 | T106: 0 | U106: 0 | V106: 0 | W106: 0 | X106: 0 | Y106: 0 | Z106: 0 | AA106: 0 | AB106: 0 | AC106: 0 | AD106: 0 | AE106: 0 | AF106: 0 | AG106: 0 | AH106: 0 | AI106: 0 | AJ106: 0 | AK106: 0 | AL106: 0 | AM106: 0 | AN106: 0 | AO106: 0 | AP106: 0 | AQ106: 0 | AR106: 0 | AS106: 0 | AT106: 0 | AU106: 0 | AV106: 0 | AW106: 0 | AX106: 0 | AY106: 0 | AZ106: 0 | BA106: 0 | BB106: 0 | BC106: 0 | BD106: 0 | BE106: 0 | BF106: 0 | BG106: 0 | BH106: 0 | BI106: 0 | BJ106: 0 | BK106: 0 | BL106: 0 | BM106: 0 | BN106: 0 | BO106: 0 | BP106: 0 | BQ106: 0 | BR106: 0 | BS106: 0 | BT106: 0 | BU106: 0 | BV106: 0 | BW106: 0 | BX106: 0 | BY106: 0 | BZ106: 0 | CA106: 0 | CB106: 0 | CC106: 0
B107: 12Rte | C107: 108 | D107: Rover | E107: Old | F107: Fort | G107: 2 | H107: 36 | I107: 45 | J107: 80 | K107: 108 | L107: 5.375258 | M107: 21.67284 | N107: 5.375258 | O107: 21.00259 | P107: 5.375258 | Q107: 23.747594 | R107: 0 | S107: 0 | T107: 0 | U107: 0 | V107: 0 | W107: 0 | X107: 0 | Y107: 0 | Z107: 0 | AA107: 0 | AB107: 0 | AC107: 0 | AD107: 0 | AE107: 0 | AF107: 0 | AG107: 0 | AH107: 0 | AI107: 0 | AJ107: 0 | AK107: 0 | AL107: 0 | AM107: 0 | AN107: 0 | AO107: 0 | AP107: 0 | AQ107: 0 | AR107: 0 | AS107: 0 | AT107: 0 | AU107: 0 | AV107: 0 | AW107: 0 | AX107: 0 | AY107: 0 | AZ107: 0 | BA107: 0 | BB107: 0 | BC107: 0 | BD107: 0 | BE107: 0 | BF107: 0 | BG107: 0 | BH107: 0 | BI107: 0 | BJ107: 0 | BK107: 0 | BL107: 0 | BM107: 0 | BN107: 0 | BO107: 0 | BP107: 0 | BQ107: 0 | BR107: 0 | BS107: 0 | BT107: 0 | BU107: 0 | BV107: 0 | BW107: 0 | BX107: 0 | BY107: 0 | BZ107: 0 | CA107: 0 | CB107: 0 | CC107: 0 | CD107: 0
B108: 13Rte | C108: 102 | D108: Rover | E108: South | F108: Churc | G108: 2 | H108: 36 | I108: 45 | J108: 80 | K108: 102 | L108: 7.235485 | M108: 33.166739 | N108: 7.235485 | O108: 30.691583 | P108: 7.235485 | Q108: 34.567914 | R108: 0 | S108: 0 | T108: 0 | U108: 0 | V108: 0 | W108: 0 | X108: 0 | Y108: 0 | Z108: 0 | AA108: 0 | AB108: 0 | AC108: 0 | AD108: 0 | AE108: 0 | AF108: 0 | AG108: 0 | AH108: 0 | AI108: 0 | AJ108: 0 | AK108: 0 | AL108: 0 | AM108: 0 | AN108: 0 | AO108: 0 | AP108: 0 | AQ108: 0 | AR108: 0 | AS108: 0 | AT108: 0 | AU108: 0 | AV108: 0 | AW108: 0 | AX108: 0 | AY108: 0 | AZ108: 0 | BA108: 0 | BB108: 0 | BC108: 0 | BD108: 0 | BE108: 0 | BF108: 0 | BG108: 0 | BH108: 0 | BI108: 0 | BJ108: 0 | BK108: 0 | BL108: 0 | BM108: 0 | BN108: 0 | BO108: 0 | BP108: 0 | BQ108: 0 | BR108: 0 | BS108: 0 | BT108: 0 | BU108: 0 | BV108: 0 | BW108: 0 | BX108: 0 | BY108: 0 | BZ108: 0 | CA108: 0 | CB108: 0 | CC108: 0 | CD108: 0
B109: 14Rte | C109: 23 | D109: Dickerson | E109: Pike | F109: OB | G109: 1 | H109: 12 | I109: 10 | J109: 15 | K109: 30 | L109: 23 | M109: 6.458566 | N109: 23.595782 | O109: 6.458566 | P109: 25.73045 | Q109: 6.458566 | R109: 32.987926 | S109: 6.458566 | T109: 23.136374 | U109: 70189.074.750 | V109: 0 | W109: 01.0001.500 | X109: 0 | Y109: 0 | Z109: 0 | AA109: 0 | AB109: 0 | AC109: 0 | AD109: 0 | AE109: 0 | AF109: 275.6 | AG109: 6 | AH109: 0 | AI109: 0 | AJ109: 0 | AK109: 2 | AL109: 0 | AM109: 0 | AN109: 0 | AO109: 0 | AP109: 0 | AQ109: 0 | AR109: 0 | AS109: 0 | AT109: 0229.53.387 | AU109: 0 | AV109: 9.387 | AW109: 0 | AX109: 0 | AY109: 0 | AZ109: 0 | BA109: 0 | BB109: 0 | BC109: 0 | BD109: 0 | BE109: 0 | BF109: 78.95 | BG109: 0 | BH109: 0 | BI109: 0 | BJ109: 0 | BK109: 0 | BL109: 0 | BM109: 0 | BN109: 0 | BO109: 0 | BP109: 0 | BQ109: 0 | BR109: 0 | BS109: 0 | BT109: 0 | BU109: 156 | BV109: 2113
B110: 15Rte | C110: 23 | D110: Dickerson | E110: Pike | F110: IB | G110: 1 | H110: 12 | I110: 10 | J110: 15 | K110: 30 | L110: 23 | M110: 6.465608 | N110: 34.334089 | O110: 6.465608 | P110: 26.693955 | Q110: 6.465608 | R110: 25.406653 | S110: 6.465608 | T110: 22.523759 | U110: 664209.5 | V110: 1 | W110: 0 | X110: 0 | Y110: 0 | Z110: 0 | AA110: 0 | AB110: 0 | AC110: 0 | AD110: 0 | AE110: 0 | AF110: 0 | AG110: 0 | AH110: 0 | AI110: 0289.12.600 | AJ110: 0 | AK110: 0 | AL110: 0 | AM110: 0 | AN110: 0 | AO110: 0 | AP110: 0 | AQ110: 0 | AR110: 0 | AS110: 0 | AT110: 0 | AU110: 0 | AV110: 0126.72.666 | AW110: 0 | AX110: 0 | AY110: 2.171 | AZ110: 0 | BA110: 0 | BB110: 0.592 | BC110: 0 | BD110: 0 | BE110: 0 | BF110: 0 | BG110: 28.81 | BH110: 0 | BI110: 0 | BJ110: 0 | BK110: 0 | BL110: 1 | BM110: 0 | BN110: 0 | BO110: 0 | BP110: 0 | BQ110: 0 | BR110: 0 | BS110: 0 | BT110: 0 | BU110: 0 | BV110: 152 | BW110: 1931
B111: 16Rte | C111: 52 | D111: NOLENSVILLE | E111: PIKE | F111: ( | G111: 1 | H111: 10 | I111: 15 | J111: 10 | K111: 30 | L111: 52 | M111: 9.960908 | N111: 64.778852 | O111: 9.960908 | P111: 46.492968 | Q111: 9.960908 | R111: 49.970845 | S111: 9.960908 | T111: 37.438862 | U111: 1354203.60.500 | V111: 0 | W111: 020.7517.13 | X111: 0 | Y111: 0 | Z111: 48.54 | AA111: 0 | AB111: 0 | AC111: 0 | AD111: 0 | AE111: 0508.01.357 | AF111: 0 | AG111: 0 | AH111: 4.09 | AI111: 0 | AJ111: 0 | AK111: 0 | AL111: 0 | AM111: 0 | AN111: 0 | AO111: 0 | AP111: 0 | AQ111: 401.5 | AR111: 50.5 | AS111: 037.7518.42 | AT111: 0 | AU111: 0 | AV111: 2.388 | AW111: 0 | AX111: 0 | AY111: 0 | AZ111: 0 | BA111: 84.52 | BB111: 0 | BC111: 0 | BD111: 0 | BE111: 0 | BF111: 0 | BG111: 0 | BH111: 0 | BI111: 0 | BJ111: 0 | BK111: 0 | BL111: 0 | BM111: 0 | BN111: 0 | BO111: 0 | BP111: 313 | BQ111: 3311 | BR111: 4_PB | BS111: 4_PE | BT111: 4_PU | BU111: 4_PC | BV111: 4_KL | BW111: 4_KB | BX111: 4_KE | BY111: 4_KU | BZ111: 4_KC | CA111: 5_WL | CB111: 5_WB | CC111: 5_WE | CD111: 5_WU | CE111: 5_WC | CF111: 5_PL | CG111: 5_PB | CH111: 5_PE | CI111: 5_PU | CJ111: 5_PC | CK111: 5_KL | CL111: 5_KB | CM111: 5_KE | CN111: 5_KU | CO111: 5_KC | CP111: 6_WL | CQ111: 6_WB | CR111: 6_WE | CS111: 6_WU | CT111: 6_WC | CU111: 6_PL | CV111: 6_PB | CW111: 6_PE | CX111: 6_PU | CY111: 6_PC | CZ111: 6_KL | DA111: 6_KB | DB111: 6_KE | DC111: 6_KU | DD111: 6_KC | DE111: 7_WL | DF111: 7_WB | DG111: 7_WE | DH111: 7_WU | DI111: 7_WC | DJ111: 7_PL | DK111: 7_PB | DL111: 7_PE | DM111: 7_PU | DN111: 7_PC | DO111: 7_KL | DP111: 7_KB | DQ111: 7_KE | DR111: 7_KU | DS111: 7_KC | DT111: TOT_PH | DU111: TOT_PM
B112: 17Rte | C112: 4 | D112: Shelby | E112: IB | F112: 1 | G112: 20 | H112: 20 | I112: 24 | J112: 51 | K112: 4 | L112: 8.487561 | M112: 41.877621 | N112: 8.487561 | O112: 36.43997 | P112: 8.487561 | Q112: 36.007195 | R112: 8.487561 | S112: 33.114257 | T112: 386105.7 | U112: 0 | V112: 0 | W112: 0 | X112: 0 | Y112: 0 | Z112: 0 | AA112: 0 | AB112: 0 | AC112: 0 | AD112: 0 | AE112: 0 | AF112: 0 | AG112: 0 | AH112: 0179.20.300 | AI112: 0 | AJ112: 0 | AK112: 0 | AL112: 0 | AM112: 0 | AN112: 0 | AO112: 0 | AP112: 0 | AQ112: 0 | AR112: 0 | AS112: 0 | AT112: 0 | AU112: 92.78 | AV112: 0 | AW112: 0 | AX112: 0 | AY112: 1.357 | AZ112: 0 | BA112: 0 | BB112: 0.37 | BC112: 0 | BD112: 0 | BE112: 0 | BF112: 0 | BG112: 6.566 | BH112: 0 | BI112: 0 | BJ112: 0 | BK112: 0 | BL112: 0 | BM112: 0 | BN112: 0 | BO112: 0 | BP112: 0 | BQ112: 0 | BR112: 0 | BS112: 0 | BT112: 0 | BU112: 0 | BV112: 69 | BW112: 800
B113: 18Rte | C113: 4 | D113: Shelby | E113: OB | F113: 1 | G113: 20 | H113: 20 | I113: 24 | J113: 51 | K113: 4 | L113: 7.531683 | M113: 30.257902 | N113: 7.531683 | O113: 31.348158 | P113: 7.531683 | Q113: 35.96834 | R113: 7.531683 | S113: 29.45622 | T113: 52795.56 | U113: 4 | V113: 1 | W113: 2 | X113: 0 | Y113: 0 | Z113: 0 | AA113: 0 | AB113: 0 | AC113: 0 | AD113: 0 | AE113: 0 | AF113: 0 | AG113: 204.5 | AH113: 0 | AI113: 0 | AJ113: 0 | AK113: 0 | AL113: 0 | AM113: 0 | AN113: 0 | AO113: 0 | AP113: 0 | AQ113: 0 | AR113: 0 | AS113: 0 | AT113: 0 | AU113: 164.9 | AV113: 3 | AW113: 0 | AX113: 6.806 | AY113: 0 | AZ113: 0 | BA113: 0 | BB113: 0 | BC113: 0 | BD113: 0 | BE113: 0 | BF113: 0 | BG113: 0 | BH113: 45.47 | BI113: 0 | BJ113: 0 | BK113: 0 | BL113: 0 | BM113: 0 | BN113: 0 | BO113: 0 | BP113: 0 | BQ113: 0 | BR113: 0 | BS113: 0 | BT113: 0 | BU113: 0 | BV113: 0 | BW113: 108 | BX113: 1388
B114: 19Rte | C114: 52 | D114: NOLENSVILLE | E114: PIKE | F114: ( | G114: 1 | H114: 10 | I114: 15 | J114: 10 | K114: 30 | L114: 52 | M114: 10.03621 | N114: 49.404501 | O114: 10.03621 | P114: 45.728853 | Q114: 10.03621 | R114: 62.942415 | S114: 10.03621 | T114: 38.626152 | U114: 1241195.211.780.333 | V114: 043.0419.50 | W114: 0 | X114: 0 | Y114: 1.5 | Z114: 0 | AA114: 0 | AB114: 0 | AC114: 0 | AD114: 0448.24.142 | AE114: 0 | AF114: 0 | AG114: 16.5 | AH114: 0 | AI114: 0 | AJ114: 0 | AK114: 0 | AL114: 0 | AM114: 0 | AN114: 0 | AO114: 0 | AP114: 0251.33.513 | AQ114: 0 | AR114: 118.2 | AS114: 0 | AT114: 0 | AU114: 0 | AV114: 0 | AW114: 0 | AX114: 0 | AY114: 0 | AZ114: 0 | BA114: 0 | BB114: 127.2 | BC114: 0 | BD114: 0 | BE114: 0 | BF114: 0 | BG114: 0 | BH114: 0 | BI114: 0 | BJ114: 0 | BK114: 0 | BL114: 0 | BM114: 0 | BN114: 0 | BO114: 0 | BP114: 0 | BQ114: 296 | BR114: 3431
B115: 20Rte | C115: 22 | D115: Bordeaux | E115: (Panaroma | F115: 1 | G115: 15 | H115: 15 | I115: 15 | J115: 35 | K115: 22 | L115: 5.362009 | M115: 20.122005 | N115: 5.362009 | O115: 21.07336 | P115: 5.362009 | Q115: 24.015048 | R115: 5.362009 | S115: 19.629354 | T115: 90963.384.132 | U115: 0 | V115: 31.43 | W115: 0 | X115: 0 | Y115: 0 | Z115: 0.1 | AA115: 0 | AB115: 0 | AC115: 0 | AD115: 0 | AE115: 0379.715.24 | AF115: 0 | AG115: 0 | AH115: 0.52 | AI115: 0 | AJ115: 0 | AK115: 0 | AL115: 0 | AM115: 0 | AN115: 0 | AO115: 0 | AP115: 0 | AQ115: 0189.215.21 | AR115: 0 | AS115: 092.526.494 | AT115: 0 | AU115: 0 | AV115: 0 | AW115: 0 | AX115: 0 | AY115: 0 | AZ115: 0 | BA115: 0 | BB115: 0106.13.397 | BC115: 0 | BD115: 0 | BE115: 1.238 | BF115: 0 | BG115: 0 | BH115: 0 | BI115: 0 | BJ115: 0 | BK115: 0 | BL115: 0 | BM115: 0 | BN115: 0 | BO115: 106 | BP115: 1527 | BQ115: 421
B116: 21Rte | C116: 28 | D116: Meridian | E116: IB | F116: 1 | G116: 36 | H116: 51 | I116: 34 | J116: 132 | K116: 28 | L116: 5.072392 | M116: 25.227997 | N116: 5.072392 | O116: 21.484695 | P116: 5.072392 | Q116: 21.143272 | R116: 5.072392 | S116: 20.075895 | T116: 44 | U116: 23 | V116: 0 | W116: 0 | X116: 0 | Y116: 0 | Z116: 0 | AA116: 0 | AB116: 0 | AC116: 0 | AD116: 0 | AE116: 0 | AF116: 0 | AG116: 0 | AH116: 0 | AI116: 0.5 | AJ116: 0 | AK116: 0 | AL116: 0 | AM116: 0 | AN116: 0 | AO116: 0 | AP116: 0 | AQ116: 0 | AR116: 0 | AS116: 0 | AT116: 0 | AU116: 0 | AV116: 0 | AW116: 0 | AX116: 20 | AY116: 0 | AZ116: 0 | BA116: 0 | BB116: 0 | BC116: 0 | BD116: 0 | BE116: 0 | BF116: 0 | BG116: 0 | BH116: 0 | BI116: 0 | BJ116: 0 | BK116: 0 | BL116: 0 | BM116: 0 | BN116: 0 | BO116: 0 | BP116: 0 | BQ116: 0.5 | BR116: 0 | BS116: 0 | BT116: 0 | BU116: 0 | BV116: 0 | BW116: 0 | BX116: 0 | BY116: 0 | BZ116: 0 | CA116: 13 | CB116: 166
B117: 22Rte | C117: 75 | D117: Midtown | E117: CW | F117: Loop | G117: 1 | H117: 36 | I117: 45 | J117: 60 | K117: 75 | L117: 6.800749 | M117: 31.911984 | N117: 6.800749 | O117: 30.500305 | P117: 6.800749 | Q117: 34.653905 | R117: 0 | S117: 0 | T117: 9016.69 | U117: 0 | V117: 0 | W117: 6.071 | X117: 0 | Y117: 0 | Z117: 0 | AA117: 0 | AB117: 0 | AC117: 0 | AD117: 0 | AE117: 0 | AF117: 0 | AG117: 58.34 | AH117: 0 | AI117: 0 | AJ117: 0 | AK117: 0 | AL117: 0 | AM117: 0 | AN117: 0 | AO117: 0 | AP117: 0 | AQ117: 0 | AR117: 0 | AS117: 0 | AT117: 0 | AU117: 5.971 | AV117: 0 | AW117: 0 | AX117: 0 | AY117: 2.524 | AZ117: 0 | BA117: 0 | BB117: 0.457 | BC117: 0 | BD117: 0 | BE117: 0 | BF117: 0 | BG117: 0 | BH117: 0 | BI117: 0 | BJ117: 0 | BK117: 0 | BL117: 0 | BM117: 0 | BN117: 0 | BO117: 0 | BP117: 0 | BQ117: 0 | BR117: 0 | BS117: 0 | BT117: 0 | BU117: 0 | BV117: 0 | BW117: 12 | BX117: 149
B118: 23Rte | C118: 75 | D118: Midtown | E118: CCW | F118: Loop | G118: 1 | H118: 36 | I118: 45 | J118: 60 | K118: 75 | L118: 6.784261 | M118: 35.183883 | N118: 6.784261 | O118: 31.901716 | P118: 6.784261 | Q118: 34.588387 | R118: 0 | S118: 0 | T118: 4213.27 | U118: 0 | V118: 0 | W118: 1.169 | X118: 0 | Y118: 0 | Z118: 0 | AA118: 0 | AB118: 0 | AC118: 0 | AD118: 0 | AE118: 0 | AF118: 0 | AG118: 24.07 | AH118: 0 | AI118: 0 | AJ118: 0 | AK118: 0 | AL118: 0 | AM118: 0 | AN118: 0 | AO118: 0 | AP118: 0 | AQ118: 0 | AR118: 0 | AS118: 0 | AT118: 0 | AU118: 2.677 | AV118: 0 | AW118: 0 | AX118: 0 | AY118: 0.666 | AZ118: 0 | BA118: 0 | BB118: 0 | BC118: 0 | BD118: 0 | BE118: 0 | BF118: 0 | BG118: 0 | BH118: 0 | BI118: 0 | BJ118: 0 | BK118: 0 | BL118: 0 | BM118: 0 | BN118: 0 | BO118: 0 | BP118: 0 | BQ118: 0 | BR118: 0 | BS118: 0 | BT118: 0 | BU118: 0 | BV118: 0 | BW118: 0 | BX118: 8 | BY118: 92
B119: 24Rte | C119: 42 | D119: St. | E119: Cecilia/Cumber | F119: 1 | G119: 36 | H119: 60 | I119: 30 | J119: 132 | K119: 42 | L119: 4.89816 | M119: 20.939948 | N119: 4.89816 | O119: 19.755912 | P119: 4.89816 | Q119: 19.677455 | R119: 4.89816 | S119: 18.584055 | T119: 10623.59 | U119: 0 | V119: 0 | W119: 0 | X119: 0 | Y119: 0 | Z119: 0 | AA119: 0 | AB119: 0 | AC119: 0 | AD119: 0 | AE119: 0 | AF119: 0 | AG119: 0 | AH119: 022.270.160 | AI119: 0 | AJ119: 0 | AK119: 0 | AL119: 0 | AM119: 0 | AN119: 0 | AO119: 0 | AP119: 0 | AQ119: 0 | AR119: 0 | AS119: 0 | AT119: 0 | AU119: 040.610.807 | AV119: 0 | AW119: 0 | AX119: 0.142 | AY119: 0 | AZ119: 0 | BA119: 0 | BB119: 0 | BC119: 0 | BD119: 0 | BE119: 0 | BF119: 0 | BG119: 017.960.297 | BH119: 0 | BI119: 0 | BJ119: 0.184 | BK119: 0 | BL119: 0 | BM119: 0 | BN119: 0 | BO119: 0 | BP119: 0 | BQ119: 0 | BR119: 0 | BS119: 0 | BT119: 9 | BU119: 116 | BV119: 0 | BW119: 0 | BX119: 0 | BY119: 0 | BZ119: 0 | CA119: 0
B120: 25Rte | C120: 42 | D120: St. | E120: Cecilia/Cumber | F120: 1 | G120: 36 | H120: 60 | I120: 30 | J120: 132 | K120: 42 | L120: 4.504059 | M120: 18.111441 | N120: 4.504059 | O120: 18.552741 | P120: 4.504059 | Q120: 19.707593 | R120: 4.504059 | S120: 17.66572 | T120: 11913.572.603 | U120: 0 | V120: 3.464 | W120: 0 | X120: 0 | Y120: 0 | Z120: 0.042 | AA120: 0 | AB120: 0 | AC120: 0 | AD120: 0 | AE120: 016.933.118 | AF120: 0 | AG120: 0 | AH120: 0.033 | AI120: 0 | AJ120: 0 | AK120: 0 | AL120: 0 | AM120: 0 | AN120: 0 | AO120: 0 | AP120: 0 | AQ120: 022.416.872 | AR120: 0 | AS120: 12.86 | AT120: 0 | AU120: 0 | AV120: 0 | AW120: 0 | AX120: 0 | AY120: 0 | AZ120: 0 | BA120: 0 | BB120: 0 | BC120: 035.331.238 | BD120: 0 | BE120: 0 | BF120: 0.184 | BG120: 0 | BH120: 0 | BI120: 0 | BJ120: 0 | BK120: 0 | BL120: 0 | BM120: 0 | BN120: 0 | BO120: 0 | BP120: 13 | BQ120: 190 | BR120: 0 | BS120: 0 | BT120: 0 | BU120: 0 | BV120: 0 | BW120: 0 | BX120: 0 | BY120: 0 | BZ120: 0 | CA120: 0
B121: 28Rte | C121: 14 | D121: WHITES | E121: CREEK | F121: oB | G121: 1 | H121: 36 | I121: 60 | J121: 34 | K121: 132 | L121: 14 | M121: 7.401511 | N121: 28.486201 | O121: 7.401511 | P121: 30.168308 | Q121: 7.401511 | R121: 35.371949 | S121: 7.401511 | T121: 28.161684 | U121: 14421.760.250 | V121: 0 | W121: 0 | X121: 0.5 | Y121: 0 | Z121: 0 | AA121: 0 | AB121: 0 | AC121: 0 | AD121: 0 | AE121: 0 | AF121: 0 | AG121: 22.79 | AH121: 0 | AI121: 0 | AJ121: 0 | AK121: 0 | AL121: 0 | AM121: 0 | AN121: 0 | AO121: 0 | AP121: 0 | AQ121: 0 | AR121: 0 | AS121: 0 | AT121: 0 | AU121: 067.401.612 | AV121: 0 | AW121: 2.778 | AX121: 1 | AY121: 0 | AZ121: 0 | BA121: 0 | BB121: 0 | BC121: 0 | BD121: 0 | BE121: 0 | BF121: 0 | BG121: 25.79 | BH121: 0 | BI121: 0 | BJ121: 0 | BK121: 0 | BL121: 0 | BM121: 0 | BN121: 0 | BO121: 0 | BP121: 0 | BQ121: 0 | BR121: 0 | BS121: 0 | BT121: 0 | BU121: 0 | BV121: 36 | BW121: 469
B122: 29Rte | C122: 14 | D122: WHITES | E122: CREEK | F122: iB | G122: 1 | H122: 36 | I122: 60 | J122: 34 | K122: 132 | L122: 14 | M122: 6.881154 | N122: 34.344918 | O122: 6.881154 | P122: 28.200396 | Q122: 6.881154 | R122: 27.28438 | S122: 6.881154 | T122: 24.903388 | U122: 9835.33 | V122: 0 | W122: 0 | X122: 0 | Y122: 0 | Z122: 0 | AA122: 0 | AB122: 0 | AC122: 0 | AD122: 0 | AE122: 0 | AF122: 0 | AG122: 0 | AH122: 0 | AI122: 015.060.100 | AJ122: 0 | AK122: 0 | AL122: 0 | AM122: 0 | AN122: 0 | AO122: 0 | AP122: 0 | AQ122: 0 | AR122: 0 | AS122: 0 | AT122: 0 | AU122: 0 | AV122: 41.12 | AW122: 0 | AX122: 0 | AY122: 0 | AZ122: 1.957 | BA122: 0 | BB122: 0 | BC122: 0.261 | BD122: 0 | BE122: 0 | BF122: 0 | BG122: 0 | BH122: 4.409 | BI122: 0 | BJ122: 0 | BK122: 0 | BL122: 0 | BM122: 0 | BN122: 0 | BO122: 0 | BP122: 0 | BQ122: 0 | BR122: 0 | BS122: 0 | BT122: 0 | BU122: 0 | BV122: 0 | BW122: 24 | BX122: 281
B123: 30Rte | C123: 9 | D123: MetroCenter | E123: OB | F123: 1 | G123: 23 | H123: 26 | I123: 34 | J123: 9 | K123: 8.529693 | L123: 35.883304 | M123: 8.529693 | N123: 35.3689 | O123: 8.529693 | P123: 36.729613 | Q123: 0 | R123: 0 | S123: 27552.52 | T123: 0 | U123: 0 | V123: 011.170.789 | W123: 0 | X123: 0 | Y123: 0.027 | Z123: 0 | AA123: 0 | AB123: 0 | AC123: 0 | AD123: 113.2 | AE123: 2 | AF123: 0 | AG123: 0 | AH123: 0.223 | AI123: 0 | AJ123: 0 | AK123: 0 | AL123: 0 | AM123: 0 | AN123: 0 | AO123: 0 | AP123: 0 | AQ123: 063.061.521 | AR123: 0 | AS123: 029.580.500 | AT123: 0 | AU123: 0 | AV123: 0 | AW123: 0 | AX123: 0 | AY123: 0 | AZ123: 0 | BA123: 0 | BB123: 0 | BC123: 0 | BD123: 0 | BE123: 0 | BF123: 0 | BG123: 0 | BH123: 0 | BI123: 0 | BJ123: 0 | BK123: 0 | BL123: 0 | BM123: 0 | BN123: 0 | BO123: 0 | BP123: 0 | BQ123: 0 | BR123: 61 | BS123: 863 | BT123: 1335
B124: 31Rte | C124: 64 | D124: STAR | E124: DOWNTOWN | F124: SHUT | G124: 11 | H124: 60 | I124: 80 | J124: 64 | K124: 2.477752 | L124: 10.176062 | M124: 0 | N124: 0 | O124: 2.477752 | P124: 10.844854 | Q124: 0 | R124: 0 | S124: 174 | T124: 0 | U124: 0 | V124: 0 | W124: 53.75 | X124: 0 | Y124: 0 | Z124: 0 | AA124: 0 | AB124: 0 | AC124: 0 | AD124: 0 | AE124: 0 | AF124: 0 | AG124: 0 | AH124: 0 | AI124: 0 | AJ124: 0 | AK124: 0 | AL124: 0 | AM124: 0 | AN124: 0 | AO124: 0 | AP124: 0 | AQ124: 0 | AR124: 0 | AS124: 0 | AT124: 0 | AU124: 0 | AV124: 0 | AW124: 0 | AX124: 0 | AY124: 0 | AZ124: 0 | BA124: 119 | BB124: 0 | BC124: 0 | BD124: 0 | BE124: 1.5 | BF124: 0 | BG124: 0 | BH124: 0 | BI124: 0 | BJ124: 0 | BK124: 0 | BL124: 0 | BM124: 0 | BN124: 0 | BO124: 0 | BP124: 0 | BQ124: 0 | BR124: 0 | BS124: 0 | BT124: 0 | BU124: 0 | BV124: 0 | BW124: 0 | BX124: 0 | BY124: 0 | BZ124: 9 | CA124: 100
B125: 32Rte | C125: 8 | D125: 8TH | E125: AVENUE | F125: SOUTH | G125: iB | H125: 1 | I125: 23 | J125: 26 | K125: 34 | L125: 110 | M125: 8 | N125: 5.772245 | O125: 31.027767 | P125: 5.772245 | Q125: 25.744298 | R125: 5.772245 | S125: 27.28238 | T125: 5.772245 | U125: 21.438053 | V125: 69870.26 | W125: 1 | X125: 0 | Y125: 024.95198.8 | Z125: 0 | AA125: 0 | AB125: 76.03 | AC125: 0 | AD125: 0 | AE125: 0 | AF125: 0 | AG125: 0151.14.277 | AH125: 0 | AI125: 0 | AJ125: 48.13 | AK125: 0 | AL125: 0 | AM125: 0 | AN125: 0 | AO125: 0 | AP125: 0 | AQ125: 0 | AR125: 0 | AS125: 040.441.180 | AT125: 0 | AU125: 055.577.461 | AV125: 0 | AW125: 0 | AX125: 2.684 | AY125: 0 | AZ125: 0 | BA125: 0 | BB125: 0 | BC125: 15.75 | BD125: 0 | BE125: 0 | BF125: 0 | BG125: 0.583 | BH125: 0 | BI125: 0 | BJ125: 0 | BK125: 0 | BL125: 0 | BM125: 0 | BN125: 0 | BO125: 0 | BP125: 0 | BQ125: 120 | BR125: 1311
B126: 33Rte | C126: 8 | D126: 8TH | E126: AVENUE | F126: SOUTH | G126: oB | H126: 1 | I126: 23 | J126: 26 | K126: 34 | L126: 110 | M126: 8 | N126: 5.489907 | O126: 24.453814 | P126: 5.489907 | Q126: 23.887596 | R126: 5.489907 | S126: 29.299477 | T126: 5.489907 | U126: 20.137816 | V126: 36148.920.465 | W126: 0 | X126: 7.197 | Y126: 12 | Z126: 0 | AA126: 0 | AB126: 0.314 | AC126: 0 | AD126: 0 | AE126: 0 | AF126: 0 | AG126: 0123.83.500 | AH126: 0 | AI126: 0 | AJ126: 0 | AK126: 0 | AL126: 0 | AM126: 0 | AN126: 0 | AO126: 0 | AP126: 0 | AQ126: 0 | AR126: 0 | AS126: 0 | AT126: 043.710.719 | AU126: 0 | AV126: 025.6640.35 | AW126: 0 | AX126: 0 | AY126: 21.92 | AZ126: 0 | BA126: 0 | BB126: 0 | BC126: 0 | BD126: 022.250.500 | BE126: 0 | BF126: 0 | BG126: 9.483 | BH126: 0 | BI126: 0 | BJ126: 0 | BK126: 0 | BL126: 0 | BM126: 0 | BN126: 0 | BO126: 0 | BP126: 0 | BQ126: 67 | BR126: 815 | BS126: 0 | BT126: 0 | BU126: 0 | BV126: 0 | BW126: 0 | BX126: 0 | BY126: 0 | BZ126: 0 | CA126: 0 | CB126: 0 | CC126: 0 | CD126: 0
B127: 34Rte | C127: 3 | D127: West | E127: End | F127: (White | G127: Bri | H127: 1 | I127: 15 | J127: 15 | K127: 15 | L127: 35 | M127: 3 | N127: 7.087023 | O127: 39.875004 | P127: 7.087023 | Q127: 33.506515 | R127: 7.087023 | S127: 35.918961 | T127: 7.087023 | U127: 27.383954 | V127: 1597329.71.244 | W127: 0 | X127: 4.844 | Y127: 3 | Z127: 0 | AA127: 0 | AB127: 0 | AC127: 0 | AD127: 0 | AE127: 0 | AF127: 0 | AG127: 0 | AH127: 0592.84.444 | AI127: 0 | AJ127: 0 | AK127: 0 | AL127: 0 | AM127: 0 | AN127: 0 | AO127: 0 | AP127: 0 | AQ127: 0 | AR127: 0 | AS127: 0 | AT127: 0 | AU127: 0431.86.777 | AV127: 0 | AW127: 010.6064.71 | AX127: 0 | AY127: 0 | AZ127: 28.97 | BA127: 0 | BB127: 0 | BC127: 0 | BD127: 0 | BE127: 0102.00.500 | BF127: 0 | BG127: 0 | BH127: 0 | BI127: 15 | BJ127: 0 | BK127: 0 | BL127: 0 | BM127: 0 | BN127: 0 | BO127: 0 | BP127: 0 | BQ127: 0 | BR127: 0 | BS127: 352 | BT127: 3905 | BU127: 0 | BV127: 0 | BW127: 0 | BX127: 0 | BY127: 0 | BZ127: 0 | CA127: 0 | CB127: 0 | CC127: 0 | CD127: 0
B128: 35Rte | C128: 3 | D128: West | E128: End | F128: (Bellevue) | G128: 1 | H128: 60 | I128: 60 | J128: 65 | K128: 3 | L128: 13.55785 | M128: 80.927794 | N128: 13.55785 | O128: 61.144732 | P128: 13.55785 | Q128: 61.538644 | R128: 0 | S128: 0 | T128: 34071.340.977 | U128: 0 | V128: 1.044 | W128: 0 | X128: 0 | Y128: 0 | Z128: 0 | AA128: 0 | AB128: 0 | AC128: 0 | AD128: 0 | AE128: 0 | AF128: 0143.51.111 | AG128: 0 | AH128: 0 | AI128: 0 | AJ128: 0 | AK128: 0 | AL128: 0 | AM128: 0 | AN128: 0 | AO128: 0 | AP128: 0 | AQ128: 0 | AR128: 0 | AS128: 095.291.444 | AT128: 0 | AU128: 02.34415.95 | AV128: 0 | AW128: 0 | AX128: 7.244 | AY128: 0 | AZ128: 0 | BA128: 0 | BB128: 0 | BC128: 0 | BD128: 0 | BE128: 0 | BF128: 0 | BG128: 0 | BH128: 0 | BI128: 0 | BJ128: 0 | BK128: 0 | BL128: 0 | BM128: 0 | BN128: 0 | BO128: 0 | BP128: 0 | BQ128: 0 | BR128: 0 | BS128: 86 | BT128: 922 | BU128: 0 | BV128: 0 | BW128: 0 | BX128: 0 | BY128: 0 | BZ128: 0 | CA128: 0 | CB128: 0 | CC128: 0
B129: 36Rte | C129: 93 | D129: MCS | E129: West | F129: End | G129: Shutt | H129: 11 | I129: 60 | J129: 60 | K129: 93 | L129: 5.950968 | M129: 31.608387 | N129: 0 | O129: 0 | P129: 5.950968 | Q129: 32.0887 | R129: 0 | S129: 0 | T129: 2079 | U129: 0 | V129: 0 | W129: 0 | X129: 494.2 | Y129: 0 | Z129: 0 | AA129: 0 | AB129: 0 | AC129: 0 | AD129: 0 | AE129: 0 | AF129: 0 | AG129: 0 | AH129: 0 | AI129: 0 | AJ129: 0 | AK129: 0 | AL129: 0 | AM129: 0 | AN129: 0 | AO129: 0 | AP129: 0 | AQ129: 0 | AR129: 0 | AS129: 0 | AT129: 0 | AU129: 0 | AV129: 0 | AW129: 0 | AX129: 0 | AY129: 0 | AZ129: 0 | BA129: 1582 | BB129: 0 | BC129: 0 | BD129: 0 | BE129: 1.5 | BF129: 0 | BG129: 0 | BH129: 0 | BI129: 0 | BJ129: 0 | BK129: 0 | BL129: 0 | BM129: 0 | BN129: 0 | BO129: 0 | BP129: 0 | BQ129: 0 | BR129: 0 | BS129: 0 | BT129: 0 | BU129: 0 | BV129: 0 | BW129: 0 | BX129: 0 | BY129: 0 | BZ129: 471 | CA129: 5241 | CB129: 0 | CC129: 0
B130: 37Rte | C130: 7 | D130: Hillsboro | E130: IB | F130: 1 | G130: 15 | H130: 15 | I130: 15 | J130: 35 | K130: 7 | L130: 5.535606 | M130: 33.373935 | N130: 5.535606 | O130: 28.326609 | P130: 5.535606 | Q130: 29.664252 | R130: 5.535606 | S130: 23.494896 | T130: 4834475.29.444 | U130: 0 | V130: 0.444 | W130: 0 | X130: 0 | Y130: 0 | Z130: 0 | AA130: 0 | AB130: 0 | AC130: 0 | AD130: 0 | AE130: 0 | AF130: 02574.35.44 | AG130: 0 | AH130: 0 | AI130: 0 | AJ130: 0 | AK130: 0 | AL130: 0 | AM130: 0 | AN130: 0 | AO130: 0 | AP130: 0 | AQ130: 0 | AR130: 0 | AS130: 0959.533.77 | AT130: 0 | AU130: 010.0034.37 | AV130: 0 | AW130: 0 | AX130: 19.81 | AY130: 0 | AZ130: 0 | BA130: 0 | BB130: 0 | BC130: 0663.06.500 | BD130: 0 | BE130: 0 | BF130: 0 | BG130: 12 | BH130: 0 | BI130: 0 | BJ130: 0 | BK130: 0 | BL130: 0 | BM130: 0 | BN130: 0 | BO130: 0 | BP130: 0 | BQ130: 911 | BR130: 10021 | BS130: 0 | BT130: 0 | BU130: 0 | BV130: 0 | BW130: 0 | BX130: 0 | BY130: 0 | BZ130: 0 | CA130: 0 | CB130: 0 | CC130: 0 | CD130: 0
B131: 38Rte | C131: 3 | D131: West | E131: End | F131: (Bellevue) | G131: 1 | H131: 60 | I131: 60 | J131: 65 | K131: 3 | L131: 13.507072 | M131: 57.15303 | N131: 13.507072 | O131: 61.175201 | P131: 13.507072 | Q131: 78.796729 | R131: 0 | S131: 0 | T131: 32160.643.296 | U131: 0 | V131: 01.7044.240 | W131: 0 | X131: 0 | Y131: 1.747 | Z131: 0 | AA131: 0 | AB131: 0 | AC131: 0 | AD131: 0127.02.010 | AE131: 0 | AF131: 0 | AG131: 3.311 | AH131: 0 | AI131: 0 | AJ131: 0 | AK131: 0 | AL131: 0 | AM131: 0 | AN131: 0 | AO131: 0 | AP131: 0108.21.821 | AQ131: 0 | AR131: 06.4290.222 | AS131: 0 | AT131: 0 | AU131: 0 | AV131: 0 | AW131: 0 | AX131: 0 | AY131: 0 | AZ131: 0 | BA131: 0 | BB131: 0 | BC131: 0 | BD131: 0 | BE131: 0 | BF131: 0 | BG131: 0 | BH131: 0 | BI131: 0 | BJ131: 0 | BK131: 0 | BL131: 0 | BM131: 0 | BN131: 0 | BO131: 0 | BP131: 0 | BQ131: 82 | BR131: 912 | BS131: 0 | BT131: 0 | BU131: 0 | BV131: 0 | BW131: 0 | BX131: 0 | BY131: 0 | BZ131: 0 | CA131: 0 | CB131: 0 | CC131: 0
B132: 39Rte | C132: 7 | D132: Hillsboro | E132: OB | F132: 1 | G132: 15 | H132: 15 | I132: 15 | J132: 35 | K132: 7 | L132: 5.168108 | M132: 25.32696 | N132: 5.168108 | O132: 25.805466 | P132: 5.168108 | Q132: 31.43834 | R132: 5.168108 | S132: 21.744371 | T132: 66741095.68.03 | U132: 0 | V132: 027.91147.7 | W132: 0 | X132: 0 | Y132: 50.89 | Z132: 0 | AA132: 0 | AB132: 0 | AC132: 0 | AD132: 02961.103.1 | AE132: 0 | AF132: 0 | AG132: 58.59 | AH132: 0 | AI132: 0 | AJ132: 0 | AK132: 0 | AL132: 0 | AM132: 0 | AN132: 0 | AO132: 0 | AP132: 01518.94.07 | AQ132: 0 | AR132: 046.870.500 | AS132: 0 | AT132: 0 | AU132: 0 | AV132: 1 | AW132: 0 | AX132: 0 | AY132: 0 | AZ132: 0 | BA132: 0474.024.65 | BB132: 1 | BC132: 0 | BD132: 0 | BE132: 0 | BF132: 0 | BG132: 0 | BH132: 0 | BI132: 0 | BJ132: 0 | BK132: 0 | BL132: 0 | BM132: 0 | BN132: 0 | BO132: 1180 | BP132: 13252 | BQ132: 0 | BR132: 0 | BS132: 0 | BT132: 0 | BU132: 0 | BV132: 0 | BW132: 0 | BX132: 0 | BY132: 0 | BZ132: 0 | CA132: 0 | CB132: 0 | CC132: 0 | CD132: 0
B133: 40Rte | C133: 50 | D133: CHARLOTTE | E133: PIKE | F133: oB | G133: 1 | H133: 10 | I133: 15 | J133: 12 | K133: 33 | L133: 50 | M133: 8.58959 | N133: 36.309224 | O133: 8.58959 | P133: 39.432065 | Q133: 8.58959 | R133: 49.692773 | S133: 8.58959 | T133: 32.623829 | U133: 1390262.19.994 | V133: 0 | W133: 011.2716.53 | X133: 0 | Y133: 0 | Z133: 22.79 | AA133: 0 | AB133: 0 | AC133: 0 | AD133: 0 | AE133: 0458.410.49 | AF133: 0 | AG133: 0 | AH133: 0.262 | AI133: 0 | AJ133: 0 | AK133: 0 | AL133: 0 | AM133: 0 | AN133: 0 | AO133: 0 | AP133: 0 | AQ133: 0389.16.829 | AR133: 0 | AS133: 017.1854.74 | AT133: 0 | AU133: 0 | AV133: 6.787 | AW133: 0 | AX133: 0 | AY133: 0 | AZ133: 0 | BA133: 0116.32.367 | BB133: 0 | BC133: 0 | BD133: 4.5 | BE133: 0 | BF133: 0 | BG133: 0 | BH133: 0 | BI133: 0 | BJ133: 0 | BK133: 0 | BL133: 0 | BM133: 0 | BN133: 289 | BO133: 3501 | BP133: 0 | BQ133: 0 | BR133: 0 | BS133: 0 | BT133: 0 | BU133: 0 | BV133: 0 | BW133: 0 | BX133: 0 | BY133: 0 | BZ133: 0 | CA133: 0 | CB133: 0 | CC133: 0 | CD133: 0
B134: 41Rte | C134: 50 | D134: CHARLOTTE | E134: PIKE | F134: iB | G134: 1 | H134: 10 | I134: 15 | J134: 12 | K134: 33 | L134: 50 | M134: 8.540555 | N134: 50.9433 | O134: 8.540555 | P134: 38.758733 | Q134: 8.540555 | R134: 38.867971 | S134: 8.540555 | T134: 32.277896 | U134: 1249264.40.333 | V134: 0 | W134: 0.666 | X134: 76 | Y134: 0 | Z134: 0 | AA134: 0 | AB134: 8 | AC134: 0 | AD134: 0 | AE134: 0 | AF134: 0 | AG134: 370.2 | AH134: 0 | AI134: 0 | AJ134: 0 | AK134: 0 | AL134: 25 | AM134: 0 | AN134: 0 | AO134: 0 | AP134: 0 | AQ134: 0 | AR134: 0 | AS134: 0 | AT134: 0 | AU134: 342.8 | AV134: 3 | AW134: 0 | AX134: 06.83345.18 | AY134: 0 | AZ134: 0 | BA134: 25.24 | BB134: 0 | BC134: 0 | BD134: 0 | BE134: 0 | BF134: 78.24 | BG134: 0 | BH134: 0 | BI134: 0 | BJ134: 2.5 | BK134: 0 | BL134: 0 | BM134: 0 | BN134: 0 | BO134: 0 | BP134: 0 | BQ134: 0 | BR134: 0 | BS134: 0 | BT134: 291 | BU134: 3380 | BV134: 0 | BW134: 0 | BX134: 0 | BY134: 0 | BZ134: 0 | CA134: 0 | CB134: 0 | CC134: 0 | CD134: 0
B135: 42Rte | C135: 24 | D135: Bellevue | E135: Exp | F135: AM | G135: 6 | H135: 24 | I135: 0 | J135: 0 | K135: 0 | L135: 0 | M135: 0 | N135: 0 | O135: 0 | P135: 0 | Q135: 0 | R135: 0 | S135: 0 | T135: 0 | U135: 0 | V135: 0 | W135: 0 | X135: 0 | Y135: 0 | Z135: 0 | AA135: 0 | AB135: 0 | AC135: 0 | AD135: 0 | AE135: 0 | AF135: 0 | AG135: 0 | AH135: 0 | AI135: 0 | AJ135: 0 | AK135: 0 | AL135: 0 | AM135: 0 | AN135: 0 | AO135: 0 | AP135: 0 | AQ135: 0 | AR135: 0 | AS135: 0 | AT135: 0 | AU135: 0 | AV135: 0 | AW135: 0 | AX135: 0 | AY135: 0 | AZ135: 0 | BA135: 0 | BB135: 0 | BC135: 0 | BD135: 0 | BE135: 0 | BF135: 0 | BG135: 0 | BH135: 0 | BI135: 0 | BJ135: 0 | BK135: 0 | BL135: 0 | BM135: 0 | BN135: 0 | BO135: 0 | BP135: 0 | BQ135: 0 | BR135: 0 | BS135: 0 | BT135: 0 | BU135: 0 | BV135: 0 | BW135: 0 | BX135: 0 | BY135: 0 | BZ135: 0 | CA135: 0
B136: 43Rte | C136: 17 | D136: 12TH | E136: AVENUE | F136: SOUTH | G136: 1 | H136: 20 | I136: 26 | J136: 27 | K136: 110 | L136: 17 | M136: 6.439148 | N136: 28.418147 | O136: 6.439148 | P136: 28.317148 | Q136: 6.439148 | R136: 34.761211 | S136: 6.439148 | T136: 24.869688 | U136: 778102.17.301 | V136: 0 | W136: 028.744.448 | X136: 0 | Y136: 0 | Z136: 2.527 | AA136: 0 | AB136: 0 | AC136: 0 | AD136: 0 | AE136: 0265.77.060 | AF136: 0 | AG136: 0 | AH136: 0.447 | AI136: 0 | AJ136: 0 | AK136: 0 | AL136: 0 | AM136: 0 | AN136: 0 | AO136: 0 | AP136: 0 | AQ136: 0155.81.886 | AR136: 0 | AS136: 151.8 | AT136: 0 | AU136: 0 | AV136: 0 | AW136: 0.5 | AX136: 0 | AY136: 0 | AZ136: 0 | BA136: 0 | BB136: 049.250.500 | BC136: 0 | BD136: 0 | BE136: 0 | BF136: 0 | BG136: 0 | BH136: 0 | BI136: 0 | BJ136: 0 | BK136: 0 | BL136: 0 | BM136: 0 | BN136: 0 | BO136: 0 | BP136: 146 | BQ136: 1805 | BR136: 524
B137: 44Rte | C137: 3 | D137: West | E137: End | F137: (White | G137: Bri | H137: 1 | I137: 15 | J137: 15 | K137: 15 | L137: 35 | M137: 3 | N137: 7.00218 | O137: 33.56679 | P137: 7.00218 | Q137: 32.800489 | R137: 7.00218 | S137: 39.342299 | T137: 7.00218 | U137: 27.29556 | V137: 1917317.713.29 | W137: 0 | X137: 09.93863.58 | Y137: 0 | Z137: 0 | AA137: 43.53 | AB137: 0 | AC137: 0 | AD137: 0 | AE137: 0 | AF137: 0639.210.54 | AG137: 0 | AH137: 0 | AI137: 26 | AJ137: 0 | AK137: 0 | AL137: 0 | AM137: 0 | AN137: 0 | AO137: 0 | AP137: 0 | AQ137: 0 | AR137: 0526.97.900 | AS137: 0 | AT137: 025.452.888 | AU137: 0 | AV137: 0 | AW137: 0 | AX137: 0 | AY137: 0 | AZ137: 0 | BA137: 0 | BB137: 0 | BC137: 0224.22.624 | BD137: 0 | BE137: 0 | BF137: 0 | BG137: 3 | BH137: 0 | BI137: 0 | BJ137: 0 | BK137: 0 | BL137: 0 | BM137: 0 | BN137: 0 | BO137: 0 | BP137: 0 | BQ137: 351 | BR137: 4065
B138: 45Rte | C138: 41 | D138: Golden | E138: Valley | F138: OB | G138: P | H138: 1 | I138: 120 | J138: 41 | K138: 0 | L138: 0 | M138: 0 | N138: 0 | O138: 8.395772 | P138: 37.236656 | Q138: 0 | R138: 0 | S138: 7 | T138: 0 | U138: 0 | V138: 0 | W138: 0 | X138: 0 | Y138: 0 | Z138: 0 | AA138: 0 | AB138: 0 | AC138: 0 | AD138: 0 | AE138: 0 | AF138: 0 | AG138: 0 | AH138: 0 | AI138: 0 | AJ138: 0 | AK138: 0 | AL138: 0 | AM138: 0 | AN138: 0 | AO138: 0 | AP138: 0 | AQ138: 0 | AR138: 0 | AS138: 0 | AT138: 0 | AU138: 0 | AV138: 0 | AW138: 2 | AX138: 0 | AY138: 0 | AZ138: 5 | BA138: 0 | BB138: 0 | BC138: 0 | BD138: 0 | BE138: 0 | BF138: 0 | BG138: 0 | BH138: 0 | BI138: 0 | BJ138: 0 | BK138: 0 | BL138: 0 | BM138: 0 | BN138: 0 | BO138: 0 | BP138: 0 | BQ138: 0 | BR138: 0 | BS138: 0 | BT138: 0 | BU138: 0 | BV138: 0 | BW138: 0 | BX138: 0 | BY138: 0 | BZ138: 3 | CA138: 33
...

Sheet Obs_Ridership
A1: Model Rte txt+A36 | B1: Model Rte num | C1: Modelid | D1: Model Rte Name | E1: Ridership Oct 2023 | F1: Daily_20 | G1: Daily_22
A2: 3 | B2: 3 | C2: 35 | D2: Rte 3 West End (Bellevue) IB | E2: 55372 | F2: 2768.6 | G2: 2516.9091
A3: 4 | B3: 4 | C3: 17 | D3: Rte 4 Shelby IB | E3: 20703 | F3: 1035.15 | G3: 941.04545
A4: 6 | B4: 6 | C4: 74 | D4: Rte 6 Lebanon Rd IB | E4: 18000 | F4: 900 | G4: 818.18182
A5: 7 | B5: 7 | C5: 37 | D5: Rte 7 Hillsboro IB | E5: 40515 | F5: 2025.75 | G5: 1841.5909
A6: 8 | B6: 8 | C6: 32 | D6: Rte 8 8TH AVENUE SOUTH iB | E6: 20777 | F6: 1038.85 | G6: 944.40909
A7: 9 | B7: 9 | C7: 51 | D7: Rte 9 MetroCenter IB | E7: 7713 | F7: 385.65 | G7: 350.59091
A8: 14 | B8: 14 | C8: 29 | D8: Rte 14 WHITES CREEK iB | E8: 7352 | F8: 367.6 | G8: 334.18182
A9: 17 | B9: 17 | C9: 2 | D9: Rte 17 12TH AVENUE SOUTH iB | E9: 14035 | F9: 701.75 | G9: 637.95455
A10: 18 | B10: 18 | C10: 78 | D10: Rte 18 Airport Exp IB | E10: 14914 | F10: 745.7 | G10: 677.90909
A11: 19 | B11: 19 | C11: 49 | D11: Rte 19 Herman IB | E11: 21026 | F11: 1051.3 | G11: 955.72727
A12: 22 | B12: 22 | C12: 60 | D12: Rte 22 Bordeaux (Kings Ln) IB | E12: 33119 | F12: 1655.95 | G12: 1505.4091
A13: 23 | B13: 23 | C13: 15 | D13: Rte 23 Dickerson Pike IB | E13: 59191 | F13: 2959.55 | G13: 2690.5
... A35: 95 | B35: 95 | C35: 72 | D35: Rte 95 Spring Hill Exp IB | E35: 1136 | F35: 56.8 | G35: 51.636364
D36: Rover | E36: 9187 | F36: 459.35 | G36: 417.59091
D37: FTA | E37: 12084 | F37: 604.2 | G37: 549.27273
D38: Mule
D40: TOTAL | E40: 778330 | F40: 38916.5 | G40: 35378.636
F41: 38916.5 | G41: check monthly weekday/20
F42: =E40/20

Sheet BoardingByRoute_ABM
B1: Route | C1: Mode | D1: Route Name | F1: AM | G1: MD | H1: PM | I1: OP | | J1: T | K1: otal | M1: text | N1: Boarding
B2: =TrnStat.asc!B54 | C2: =TrnStat.asc!C54 | D2: =TrnStat.asc!D54 | E2: =TrnStat.asc!E54 | F2: =TrnStat.asc!F54 | G2: =TrnStat.asc!G54 | H2: =TrnStat.asc!H54 | I2: =TrnStat.asc!I54 | ... K2: =TrnStat.asc!K54 | M2: =IF(ISNUMBER(K2),K2,CONCATENATE(LEFT(K2,2),RIGHT(K2,3))) | N2: =VALUE(M2)
B3: =TrnStat.asc!B55 | C3: =TrnStat.asc!C55 | D3: =TrnStat.asc!D55 | E3: =TrnStat.asc!E55 | F3: =TrnStat.asc!F55 | G3: =TrnStat.asc!G55 | H3: =TrnStat.asc!H55 | I3: =TrnStat.asc!I55 | ... K3: =TrnStat.asc!K55 | M3: =IF(ISNUMBER(K3),K3,CONCATENATE(LEFT(K3,2),RIGHT(K3,3))) | N3: =VALUE(M3)
B4: =TrnStat.asc!B56 | C4: =TrnStat.asc!C56 | D4: =TrnStat.asc!D56 | E4: =TrnStat.asc!E56 | F4: =TrnStat.asc!F56 | G4: =TrnStat.asc!G56 | H4: =TrnStat.asc!H56 | I4: =TrnStat.asc!I56 | ... K4: =TrnStat.asc!K56 | M4: =IF(ISNUMBER(K4),K4,CONCATENATE(LEFT(K4,2),RIGHT(K4,3))) | N4: =VALUE(M4)
B5: =TrnStat.asc!B57 | C5: =TrnStat.asc!C57 | D5: =TrnStat.asc!D57 | E5: =TrnStat.asc!E57 | F5: =TrnStat.asc!F57 | G5: =TrnStat.asc!G57 | H5: =TrnStat.asc!H57 | I5: =TrnStat.asc!I57 | ... K5: =TrnStat.asc!K57 | M5: =IF(ISNUMBER(K5),K5,CONCATENATE(LEFT(K5,2),RIGHT(K5,3))) | N5: =VALUE(M5)
B6: =TrnStat.asc!B58 | C6: =TrnStat.asc!C58 | D6: =TrnStat.asc!D58 | E6: =TrnStat.asc!E58 | F6: =TrnStat.asc!F58 | G6: =TrnStat.asc!G58 | H6: =TrnStat.asc!H58 | I6: =TrnStat.asc!I58 | ... K6: =TrnStat.asc!K58 | M6: =IF(ISNUMBER(K6),K6,CONCATENATE(LEFT(K6,2),RIGHT(K6,3))) | N6: =VALUE(M6)
B7: =TrnStat.asc!B59 | C7: =TrnStat.asc!C59 | D7: =TrnStat.asc!D59 | E7: =TrnStat.asc!E59 | F7: =TrnStat.asc!F59 | G7: =TrnStat.asc!G59 | H7: =TrnStat.asc!H59 | I7: =TrnStat.asc!I59 | ... K7: =TrnStat.asc!K59 | M7: =IF(ISNUMBER(K7),K7,CONCATENATE(LEFT(K7,2),RIGHT(K7,3))) | N7: =VALUE(M7)
B8: =TrnStat.asc!B60 | C8: =TrnStat.asc!C60 | D8: =TrnStat.asc!D60 | E8: =TrnStat.asc!E60 | F8: =TrnStat.asc!F60 | G8: =TrnStat.asc!G60 | H8: =TrnStat.asc!H60 | I8: =TrnStat.asc!I60 | ... K8: =TrnStat.asc!K60 | M8: =IF(ISNUMBER(K8),K8,CONCATENATE(LEFT(K8,2),RIGHT(K8,3))) | N8: =VALUE(M8)
B9: =TrnStat.asc!B61 | C9: =TrnStat.asc!C61 | D9: =TrnStat.asc!D61 | E9: =TrnStat.asc!E61 | F9: =TrnStat.asc!F61 | G9: =TrnStat.asc!G61 | H9: =TrnStat.asc!H61 | I9: =TrnStat.asc!I61 | ... K9: =TrnStat.asc!K61 | M9: =IF(ISNUMBER(K9),K9,CONCATENATE(LEFT(K9,2),RIGHT(K9,3))) | N9: =VALUE(M9)
B10: =TrnStat.asc!B62 | C10: =TrnStat.asc!C62 | D10: =TrnStat.asc!D62 | E10: =TrnStat.asc!E62 | F10: =TrnStat.asc!F62 | G10: =TrnStat.asc!G62 | H10: =TrnStat.asc!H62 | I10: =TrnStat.asc!I62 | ... K10: =TrnStat.asc!K62 | M10: =IF(ISNUMBER(K10),K10,CONCATENATE(LEFT(K10,2),RIGHT(K10,3))) | N10: =VALUE(M10)
B11: =TrnStat.asc!B63 | C11: =TrnStat.asc!C63 | D11: =TrnStat.asc!D63 | E11: =TrnStat.asc!E63 | F11: =TrnStat.asc!F63 | G11: =TrnStat.asc!G63 | H11: =TrnStat.asc!H63 | I11: =TrnStat.asc!I63 | ... K11: =TrnStat.asc!K63 | M11: =IF(ISNUMBER(K11),K11,CONCATENATE(LEFT(K11,2),RIGHT(K11,3))) | N11: =VALUE(M11)
B12: =TrnStat.asc!B64 | C12: =TrnStat.asc!C64 | D12: =TrnStat.asc!D64 | E12: =TrnStat.asc!E64 | F12: =TrnStat.asc!F64 | G12: =TrnStat.asc!G64 | H12: =TrnStat.asc!H64 | I12: =TrnStat.asc!I64 | ... K12: =TrnStat.asc!K64 | M12: =IF(ISNUMBER(K12),K12,CONCATENATE(LEFT(K12,2),RIGHT(K12,3))) | N12: =VALUE(M12)
B13: =TrnStat.asc!B65 | C13: =TrnStat.asc!C65 | D13: =TrnStat.asc!D65 | E13: =TrnStat.asc!E65 | F13: =TrnStat.asc!F65 | G13: =TrnStat.asc!G65 | H13: =TrnStat.asc!H65 | I13: =TrnStat.asc!I65 | ... K13: =TrnStat.asc!K65 | M13: =IF(ISNUMBER(K13),K13,CONCATENATE(LEFT(K13,2),RIGHT(K13,3))) | N13: =VALUE(M13)
... B52: =TrnStat.asc!B104 | C52: =TrnStat.asc!C104 | D52: =TrnStat.asc!D104 | E52: =TrnStat.asc!E104 | F52: =TrnStat.asc!F104 | G52: =TrnStat.asc!G104 | H52: =TrnStat.asc!H104 | I52: =TrnStat.asc!I104 | ... K52: =TrnStat.asc!K104 | M52: =IF(ISNUMBER(K52),K52,CONCATENATE(LEFT(K52,2),RIGHT(K52,3))) | N52: =VALUE(M52)

Sheet OBS_RteName
A1: Rte ID | B1: Route Name
A2: 3 | B2: Rte 3 West End (Bellevue) IB
A3: 4 | B3: Rte 4 Shelby IB
A4: 6 | B4: Rte 6 Lebanon Rd IB
A5: 7 | B5: Rte 7 Hillsboro IB
A6: 8 | B6: Rte 8 8TH AVENUE SOUTH iB
A7: 9 | B7: Rte 9 MetroCenter IB
A8: 14 | B8: Rte 14 WHITES CREEK iB
A9: 17 | B9: Rte 17 12TH AVENUE SOUTH iB
A10: 18 | B10: Rte 18 Airport Exp IB
A11: 19 | B11: Rte 19 Herman IB
A12: 22 | B12: Rte 22 Bordeaux (Kings Ln) IB
A13: 23 | B13: Rte 23 Dickerson Pike IB
... A35: 95 | B35: Rte 95 Spring Hill Exp IB

Sheet ABM_RteName
A1: Route Id | B1: Route Name (Temp) | C1: Route Name | D1: Mode | E1: Track | J1: RouteNum | K1: Route_Name | L1: modes | M1: Mode | N1: Track
A2: 3 | B2: =VLOOKUP(A2,$J:$M,2,FALSE) | C2: =IF(ISNUMBER(SEARCH("IB",B2)),LEFT(B2,LEN(B2)-3),IF(ISNUMBER(SEARCH("OB",B2)),LEFT(B2,LEN(B2)-3),B2)) | D2: =VLOOKUP($A2,$J:$M,4,FALSE) | E2: =VLOOKUP($A2,$J:$N,5,FALSE) | J2: 3 | K2: Rte 3 West End (White Bridge) IB | L2: 4 | M2: 1 | N2: 55
A3: 4 | B3: =VLOOKUP(A3,$J:$M,2,FALSE) | C3: =IF(ISNUMBER(SEARCH("IB",B3)),LEFT(B3,LEN(B3)-3),IF(ISNUMBER(SEARCH("OB",B3)),LEFT(B3,LEN(B3)-3),B3)) | D3: =VLOOKUP($A3,$J:$M,4,FALSE) | E3: =VLOOKUP($A3,$J:$N,5,FALSE) | J3: 3 | K3: Rte 3 West End (Bellevue) IB | L3: 4 | M3: 1 | N3: 54
A4: 6 | B4: =VLOOKUP(A4,$J:$M,2,FALSE) | C4: =IF(ISNUMBER(SEARCH("IB",B4)),LEFT(B4,LEN(B4)-3),IF(ISNUMBER(SEARCH("OB",B4)),LEFT(B4,LEN(B4)-3),B4)) | D4: =VLOOKUP($A4,$J:$M,4,FALSE) | E4: =VLOOKUP($A4,$J:$N,5,FALSE) | J4: 3 | K4: Rte 3 West End (Bellevue) oB | L4: 4 | M4: 1 | N4: 54
A5: 7 | B5: =VLOOKUP(A5,$J:$M,2,FALSE) | C5: =IF(ISNUMBER(SEARCH("IB",B5)),LEFT(B5,LEN(B5)-3),IF(ISNUMBER(SEARCH("OB",B5)),LEFT(B5,LEN(B5)-3),B5)) | D5: =VLOOKUP($A5,$J:$M,4,FALSE) | E5: =VLOOKUP($A5,$J:$N,5,FALSE) | J5: 3 | K5: Rte 3 West End (White Bridge) OB | L5: 4 | M5: 1 | N5: 55
A6: 8 | B6: =VLOOKUP(A6,$J:$M,2,FALSE) | C6: =IF(ISNUMBER(SEARCH("IB",B6)),LEFT(B6,LEN(B6)-3),IF(ISNUMBER(SEARCH("OB",B6)),LEFT(B6,LEN(B6)-3),B6)) | D6: =VLOOKUP($A6,$J:$M,4,FALSE) | E6: =VLOOKUP($A6,$J:$N,5,FALSE) | J6: 4 | K6: Rte 4 Shelby IB | L6: 4 | M6: 1 | N6: 57
A7: 9 | B7: =VLOOKUP(A7,$J:$M,2,FALSE) | C7: =IF(ISNUMBER(SEARCH("IB",B7)),LEFT(B7,LEN(B7)-3),IF(ISNUMBER(SEARCH("OB",B7)),LEFT(B7,LEN(B7)-3),B7)) | D7: =VLOOKUP($A7,$J:$M,4,FALSE) | E7: =VLOOKUP($A7,$J:$N,5,FALSE) | J7: 4 | K7: Rte 4 Shelby OB | L7: 4 | M7: 1 | N7: 57
A8: 14 | B8: =VLOOKUP(A8,$J:$M,2,FALSE) | C8: =IF(ISNUMBER(SEARCH("IB",B8)),LEFT(B8,LEN(B8)-3),IF(ISNUMBER(SEARCH("OB",B8)),LEFT(B8,LEN(B8)-3),B8)) | D8: =VLOOKUP($A8,$J:$M,4,FALSE) | E8: =VLOOKUP($A8,$J:$N,5,FALSE) | J8: 6 | K8: Rte 6 Lebanon Rd OB | L8: 4 | M8: 1 | N8: 67
A9: 17 | B9: =VLOOKUP(A9,$J:$M,2,FALSE) | C9: =IF(ISNUMBER(SEARCH("IB",B9)),LEFT(B9,LEN(B9)-3),IF(ISNUMBER(SEARCH("OB",B9)),LEFT(B9,LEN(B9)-3),B9)) | D9: =VLOOKUP($A9,$J:$M,4,FALSE) | E9: =VLOOKUP($A9,$J:$N,5,FALSE) | J9: 6 | K9: Rte 6 Lebanon Rd IB | L9: 4 | M9: 1 | N9: 67
A10: 18 | B10: =VLOOKUP(A10,$J:$M,2,FALSE) | C10: =IF(ISNUMBER(SEARCH("IB",B10)),LEFT(B10,LEN(B10)-3),IF(ISNUMBER(SEARCH("OB",B10)),LEFT(B10,LEN(B10)-3),B10)) | D10: =VLOOKUP($A10,$J:$M,4,FALSE) | E10: =VLOOKUP($A10,$J:$N,5,FALSE) | J10: 7 | K10: Rte 7 Hillsboro IB | L10: 4 | M10: 1 | N10: 68
A11: 19 | B11: =VLOOKUP(A11,$J:$M,2,FALSE) | C11: =IF(ISNUMBER(SEARCH("IB",B11)),LEFT(B11,LEN(B11)-3),IF(ISNUMBER(SEARCH("OB",B11)),LEFT(B11,LEN(B11)-3),B11)) | D11: =VLOOKUP($A11,$J:$M,4,FALSE) | E11: =VLOOKUP($A11,$J:$N,5,FALSE) | J11: 7 | K11: Rte 7 Hillsboro OB | L11: 4 | M11: 1 | N11: 68
A12: 22 | B12: =VLOOKUP(A12,$J:$M,2,FALSE) | C12: =IF(ISNUMBER(SEARCH("IB",B12)),LEFT(B12,LEN(B12)-3),IF(ISNUMBER(SEARCH("OB",B12)),LEFT(B12,LEN(B12)-3),B12)) | D12: =VLOOKUP($A12,$J:$M,4,FALSE) | E12: =VLOOKUP($A12,$J:$N,5,FALSE) | J12: 8 | K12: Rte 8 8TH AVENUE SOUTH iB | L12: 4 | M12: 1 | N12: 73
A13: 23 | B13: =VLOOKUP(A13,$J:$M,2,FALSE) | C13: =IF(ISNUMBER(SEARCH("IB",B13)),LEFT(B13,LEN(B13)-3),IF(ISNUMBER(SEARCH("OB",B13)),LEFT(B13,LEN(B13)-3),B13)) | D13: =VLOOKUP($A13,$J:$M,4,FALSE) | E13: =VLOOKUP($A13,$J:$N,5,FALSE) | J13: 8 | K13: Rte 8 8TH AVENUE SOUTH oB | L13: 4 | M13: 1 | N13: 73
... A45: 112 | B45: =VLOOKUP(A45,$J:$M,2,FALSE) | C45: =IF(ISNUMBER(SEARCH("IB",B45)),LEFT(B45,LEN(B45)-3),IF(ISNUMBER(SEARCH("OB",B45)),LEFT(B45,LEN(B45)-3),B45)) | D45: =VLOOKUP($A45,$J:$M,4,FALSE) | E45: =VLOOKUP($A45,$J:$N,5,FALSE) | J45: 41 | K45: Rte 41 Golden Valley OB AM | L45: 4 | M45: 1 | N45: 58
J46: 42 | K46: Rte 42 St. Cecilia/Cumberland IB | L46: 4 | M46: 1 | N46: 60
J47: 42 | K47: Rte 42 St. Cecilia/Cumberland oB | L47: 4 | M47: 1 | N47: 60
J48: 50 | K48: Rte 50 CHARLOTTE PIKE oB | L48: 4 | M48: 1 | N48: 61
J49: 50 | K49: Rte 50 CHARLOTTE PIKE iB | L49: 4 | M49: 1 | N49: 61
J50: 52 | K50: Rte 52 NOLENSVILLE PIKE (Hick) oB | L50: 4 | M50: 1 | N50: 62
J51: 52 | K51: Rte 52 NOLENSVILLE PIKE (Hick) iB | L51: 4 | M51: 1 | N51: 62
J52: 52 | K52: Rte 52 NOLENSVILLE PIKE (Wall) iB | L52: 4 | M52: 1 | N52: 63
J53: 52 | K53: Rte 52 NOLENSVILLE PIKE (Wall) oB | L53: 4 | M53: 1 | N53: 63
J54: 55 | K54: Rte 55 MURFREESBORO PIKE oB | L54: 4 | M54: 1 | N54: 64
J55: 55 | K55: Rte 55 MURFREESBORO PIKE iB | L55: 4 | M55: 1 | N55: 64
J56: 56 | K56: Rte 56 Gallatin Rd IB | L56: 4 | M56: 1 | N56: 66
J57: 56 | K57: Rte 56 Gallatin Rd oB | L57: 4 | M57: 1 | N57: 66
... J96: 112 | K96: Rte 112 FTA Red Route NS | L96: 4 | M96: 3 | N96: 41
K97: MuleGreenWest | L97: 4 | M97: 2 | N97: 25
K98: MulePurpleEast | L98: 4 | M98: 2 | N98: 26
K99: MuleRedSouth | L99: 4 | M99: 2 | N99: 27
K100: MuleBlueSB | L100: 4 | M100: 2 | N100: 24
K101: Circ_Lebanon_W | L101: 4 | M101: 2 | N101: 18
K102: Circ_Lebanon_E | L102: 4 | M102: 2 | N102: 15
K103: Circ_Lebanon_N | L103: 4 | M103: 2 | N103: 16
K104: Circ_Lebanon_S | L104: 4 | M104: 2 | N104: 17
K105: Circ_MJ_E | L105: 4 | M105: 2 | N105: 19
K106: Circ_MJ_W | L106: 4 | M106: 2 | N106: 22
K107: Circ_MJ_S | L107: 4 | M107: 2 | N107: 21
K108: Circ_MJ_N | L108: 4 | M108: 2 | N108: 20
... K144: BRT_CU1_Corridor iB | L144: 7 | M144: 9 | N144: 3
